skill,skill_name,invoke_name
B01MXMEJEY,expense tracker,"Alexa, ask expense tracker to create a new report"
B01GU5GE8A,IP Lookup,"Alexa, ask eye pee lookup where is four dot four dot four dot four"
B07L8GBRCD,EZContacts Customer Service,"Alexa, ask EZ Contacts where is my order?"
B07576N1KL,Fairfax County Library,"Alexa, ask Fairfax County Library for the latest news"
B0785PQRGM,Fart Sounds,"Alexa, ask Fart Sounds to Get a Fart Sound"
B019ZY1ECY,Fidelity Investments,"Alexa, ask Fidelity to get a quote for Amazon"
B01MRIRURE,Fight Card,"Alexa, ask Fight Card for the next event"
B01CH4BP28,Fitbit,"Alexa, ask Fitbit how I'm doing today."
B01J6Q48W4,Flame Boss,"Alexa, ask Flame Boss how's my cook"
B07H6LLRXW,Flat Earth,"Alexa, ask flat earth if to prove that the earth is flat."
B07V51MVNH,Flume Water,"Alexa, ask Flume for my water use yesterday"
B01G5ZF0P8,Foobot your good air guru,"Alexa, ask Foobot how is air quality in my bedroom"
B077Y1FK9D,FordPass,"Alexa, ask ford pass to unlock my car."
B083WPBLVR,Fox News,"Alexa, ask Fox News to play Hemmer Time."
B07GXCV89N,Frontgate,"Alexa, ask Frontgate where is my order?"
B075TRB4V5,Garmin,"Alexa, ask Garmin to find a gas station."
B07LBB3DRS,GasBuddy,"Alexa, ask Gas Buddy to find the cheapest gas"
B07C842CDG,GEGO - Locate what you love,"Alexa, ask GEGO Tracker where is my device”"
B07D3KDQ45,Glamazon Pride Facts,"Alexa, ask glamazon for a pride fact."
B079TWKN49,myGMC,"Alexa, ask GMC to start up my Enclave"
B07CNT5S73,GoToMeeting for Alexa,"Alexa, ask go to meeting to get my meetings for today"
B0743YMLRH,Random God Emperor Trump Quotes,"Alexa, ask God Emperor Trump for a quote"
B01HKCDKK2,Good News Bad News,"Alexa, ask good-news-bad-news tell me the good news"
B07XCH21ZV,Govee,"Alexa, ask govee what is the temperature and humidity of bedroom"
B01N5PNU0W,grocery,"Alexa, ask grocery manager to get my grocery list"
B01L2UOWE6,GuessACard,"Alexa, Ask Guess A Card to guess a card"
B071ZZDZDX,Gun Violence Facts,"Alexa, ask gun violence facts to give me a fact”"
B01H9JL486,Hail Mary,"Alexa, ask Hail Mary to tell me a prayer"
B07514DCNT,Harry Potter Jokes,"Alexa, ask Harry Potter Jokes"
B077Y7TTDR,Healthy Snacker,"Alexa, ask Healthy Snacker to recommend a snack."
B01BMWLJ2W,Hebcal,"Alexa, ask Hebcal for Shabbat times."
B01NA9OQPA,Holy Quraan,"Alexa, ask Holy Quraan to play chapter One"
B07843F1GQ,Home Remedies,"Alexa, ask home remedies for headache"
B08K879WHF,Honda,"Alexa, ask Honda to start my engine."
B076L5DJ1M,Hoover Robot,"Alexa, ask Hoover Robot to start mission."
B07QKJDQ74,Hubble,"Alexa, ask hubble to tell temperature"
B01M63EBQ6,I Sneezed,"Alexa, ask i sneezed"
B01M7UC179,Unofficial Trump Insult Generator,"Alexa, ask insult generator to generate insult for Jessica"
B07VSV1KJK,94.3 JACK FM Knoxville,"Alexa, ask Jack f. m. knoxville to listen live"
B07DD2VGFS,Jeep,"Alexa, ask Jeep to check the tire pressure of my car."
B01LZ7KTXD,Joule: Sous Vide by ChefSteps,"Alexa, ask jewel to set the temperature to 140 degrees Fahrenheit."
B01FH84X2K,Enel X EV Charging,"Alexa, ask Juice Box to get status"
B074S5G127,Jurassic Bark,"Alexa, ask Jurassic Bark to bark"
B07HQLRPS4,Kangaroo,"Alexa, ask Kangaroo to arm home"
B07NBSYGHT,Kohler® Konnect,"Alexa, ask Kohler to turn on kitchen faucet"
B07GYS433J,language teacher,"Alexa, ask Language Teacher to set the language to Spanish"
B07B9NQ1ZB,Lexus,"Alexa, ask Lexus to start my car."
B01LYUZ33B,"Liberal Lord, Socialist Savior","Alexa, ask Liberal Lord for a fact."
B076VJPDQC,Smart Security Light,"Alexa, ask Light Camera to turn off lighting mode for living room"
B07BQG1SQB,Lincoln Way,"Alexa, ask Lincoln Way to unlock my car."
B06XH7DKYL,Lititz Facts,"Alexa, ask Lititz Facts to tell me a Lititz fact"
B08JLR4W1J,Lively for Jitterbug Flip2,"Alexa, ask Lively to call Robert."
B01EWECCWS,Livy,"Alexa, ask Livy what happened today in history"
B07C7F116N,Lock Him Up,"Alexa, ask Lock Him Up for the latest news"
B07NL7PBFJ,Lollipop Camera,"Alexa, ask Lollipop to report recent event"
B0775GP7SF,Finding your other half,"Alexa, ask love forecast who is my other half?"
B073WVL6DL,Love You Languages,"Alexa, ask love you languages i love you"
B01N65XQ5Y,Lunch Spinner,"Alexa, ask lunch spinner"
B07WT9RQDD,Marshall Radio's 107.5 The Fan,"Alexa, ask marshall radios one oh seven five the fan to play live”"
B071P3WQRN,Mass Times,"Alexa, ask Mass Times what time is Mass in Miami"
B07Y155V19,Matthew Berry,"Alexa, ask Matthew Berry for the latest on Pat Mahomes."
B01ISBIYSM,Unit of Measure Conversion Facts,"Alexa, ask measurement converter to give me a conversion fact"
B071GCFSJ6,MEATER,"Alexa, ask MEATER to check on my cooks."
B01N7K2CLM,Meetup,"Alexa, ask Meetup what's happening today"
B075435C1Y,Mercedes me,"Alexa, ask Mercedes to lock my car"
B01DJOK2DI,Mixologist,"Alexa, ask Mixologist How do I make an Old Fashioned?"
B07XYHW8FK,MLB,"Alexa, ask MLB to play the Red Sox game."
B08284WDB4,Moen,"Alexa, ask Moen to dispense a cup of water at one hundred degrees"
B01BKT64QI,Mr Junky Food,"Alexa, ask Mr. Junky Food what to eat today."
B01NC00JQ7,Aalim,"Alexa, ask My Aalim for next prayer in Miami"
B079K37QYF,My AcuRite,"Alexa, ask My AcuRite what is my current condition"
B017YAF22Y,Ask My Buddy,"Alexa, ask My Buddy to send help"
B089JMLR9Z,Volkswagen Car-Net®,"Alexa, ask my Car Net to lock my car"
B076RFK3J1,My Cloud Home,"Alexa, ask My Cloud to play music"
B0797K3TB2,Nixplay Frame,"Alexa, ask my frame to show me my playlist."
B06WD5XN2F,My Government,"Alexa, ask my government."
B07C1M63BS,My Horoscope,"Alexa, ask My Horoscope"
B07X48SDWP,Human Touch Super Novo Virtual Therapist,"Alexa, ask my Novo to give me a massage."
B077Y6GC3D,My Pod,"Alexa, ask My Pod to play Stuff You Should Know."
B074DQ7PYK,My Points,"Alexa, ask my points to add 5"
B06ZZF8FRH,HP Printer,"Alexa, ask My Printer to print my shopping list."
B07285G1RK,ASUS ROUTER,"Alexa, ask my router to turn on the Guest Network"
B07DSVXB3Z,Alula,"Alexa, ask My Security System for status."
B07CL8NTNT,Add Item To Shopper - Shopping List,"Alexa, ask My Shopper to add Milk to list"
B01IC7ZS0O,My Tarot,"Alexa, ask My Tarot to draw a card"
B07381F86F,Chat with Chancellor,"Alexa, ask my totally legit older friend for the secrets of the force"
B0725X2Y3P,Somfy myLink,"Alexa, ask myLink to lower Bedroom Shades."
B077W8KGGZ,What's in the Mystery Box?,"Alexa, ask Mystery Box, what's in the mystery box?"
B079WY54NQ,myTuner Radio,"Alexa, ask myTuner Radio to play Fox News Radio"
B01N6ERAWU,U.S. National Parks,"Alexa, ask National Parks for Yosemite."
B01C7SGG3M,NBC News,"Alexa, ask NBC News what's trending"
B01MXI58Y7,Neato,"Alexa, ask Neato to start cleaning."
B01NA9KO1P,Netatmo Weather,"Alexa, ask Netatmo is it noisy at Home?"
B01MY1A0MS,NETGEAR,"Alexa, ask NETGEAR to enable guest network"
B077D2GY1Z,NORAD Tracks Santa,"Alexa, ask NORAD Tracks Santa, where's Santa?"
B073JPP82D,Northwell Health,"Alexa, ask Northwell for the shortest wait time near 1 1 0 2 1"
B07488PPJR,How many days since Michigan has beaten Ohio State,"Alexa, ask ohio state buckeyes how long since michigan has beaten us"
B01I4K4SRI,Old MacDonald,"Alexa, ask Old MacDonald for a duck"
B0735SXCJJ,One America News Live,"Alexa, ask One America News to play"
B072QDCSQH,One Drop,"Alexa, ask One Drop what's my average glucose?"
B07LD5TBV7,Onelink Home,"Alexa, ask Onelink, what is the status of my smoke alarm"
B019YJAFPM,Ooma (Phone and Home Security),"Alexa, ask Ooma to play my voicemail"
B07KW1SQM9,OurJukebox,"Alexa, ask Our Jukebox to play rock music"
B01D4F1J0M,OurGroceries,"Alexa, ask OurGroceries to add milk to shopping list."
B072Q3Q6LT,Pebble Push,"Alexa, ask Pebble Push to remind me to do the assignment at 3pm tomorrow"
B01N1QNS5B,Find My Phone and Keys,"Alexa, ask Pebblebee to find my keys."
B08BYXJ16D,Pentair IntelliCenter,"Alexa, ask pentair chat what the pool temperature is"
B0844ZTFM5,"Phone Link - Texting, Calling, Phone Finder, Music","Alexa, ask Phone Link to find my phone."
B01NBB1INY,Plex,"Alexa, ask Plex to play some music"
B07P3GBW57,Pocket Casts,"Alexa, ask Pocket Casts to play my Up Next"
B07C6CTZPQ,PodcastOne,"Alexa, ask PodcastOne to play the Adam Carolla Show"
B077CCF3S9,Poop Poems,"Alexa, ask poop poems to play a poem."
B06XPPYVPN,Port Numbers,"Alexa, ask port numbers on which port runs SSH"
B0751HVKD7,President Trump,"Alexa, ask President Trump if he has been impeached yet”"
B01M6XHE2X,Professor Kay,"Alexa, ask Professor Kay about pandas"
B01KB5B5YI,Programming Facts,"Alexa, ask programming facts to tell me something"
B06XSCT6XT,Quick Remote,"Alexa, ask Quick Remote to pause"
B07M69FLD6,Quick Text,"Alexa, ask quick text to send a message"
B01AIZVCGW,Rachio,"Alexa, ask Rachio to start zone one for six minutes"
B079NMM8T8,Rain Bird,"Alexa, ask Rain Bird to water Zone 1 for 10 minutes"
B07DD1LS7Z,RAM,"Alexa, ask Ram to check the tire pressure of my truck"
B01MYDUYUM,Raptor Jesus,"Alexa, ask Raptor Jesus to give me a fact”"
B01II5XWGM,Recipe Helper,"Alexa, ask Recipe Helper what is the recipe for Thai Shrimp Soup"
B08P3B9ZCR,Recipe Keeper,"Alexa, ask Recipe Keeper for cookie recipes"
B06W57KWQC,Recipe Speak,"Alexa, ask Recipe Speak to get my recipe for roast chicken"
B01NCRMK39,Repo Tree,"Alexa, ask Repo Tree the top repos"
B07ZB3DZ7W,Roborock Plus,"Alexa, ask robo rock to start cleaning."
B072JP2LQF,Robot Talk,"Alexa, ask Robot Talk what is your name."
B06Y3PSHQ3,iRobot Home,"Alexa, ask Roomba to start vacuuming."
B01GM73LI2,Pet Bed Time,"Alexa, ask Sand Man to tell the cat to go to bed"
B075C64Z22,SAT Word of the Day,"Alexa, ask SAT Word of the Day what is the word of the day."
B01N0I8FPB,Scare Me,"Alexa, ask scare me to tell me a scary story"
B0779G2BNW,Science Facts,"Alexa, ask Science Facts for a science fact"
B01MF8WMGW,Service Local,"Alexa, ask Service Local for a plumber"
B0756M3V84,Shark,"Alexa, ask Shark to start cleaning."
B01JN7JKIS,Should I Ride,"Alexa, Ask Should I Ride"
B01H98E7EU,Silly Things,"Alexa, Ask SillyThings to tell me to do something silly"
B07CJ821ZR,SimpliSafe Home Control,"Alexa, ask SimpliSafe to arm my system in home mode"
B01N6DY5W2,SkylinkNet,"Alexa, ask SkylinkNet to arm away"
B07DTBW7YD,Relaxing Music: Sleep Music,"Alexa, ask Sleep Music to play"
B078JKLYFR,Small Talk Helper,"Alexa, ask Small Talk Helper for a Conversation Starter."
B0785KB5GV,Smart Doorbell,"Alexa, ask smart doorbell to turn on light"
B08MCCSH7R,HOMEWERKS Smart Fan,"Alexa, ask smart fan to run for five minutes."
B077HS65F6,SmartPlant,"Alexa, ask Smart Plant what I need to do with my garden?"
B01MRBCI6M,Smokepoint,"Alexa, ask Smokepoint what is the smoke point of canola oil?"
B07MBSKNSZ,Happiest Baby SNOO,"Alexa, ask SNOO for Status"
B076GSM7W9,Something Scary,"Alexa, ask something scary to say a scary quote"
B0754MNKGS,Spanish Word of the Day,"Alexa, ask Spanish Word of the Day what is the word of the day."
B01MRJKX2C,Star Date Converter,"Alexa, ask Star Date Converter to get today's star date"
B01DKP0BT6,Starfish Fit,"Alexa, ask starfish fit for calories used today"
B01DKTI612,StartupInfo,"Alexa, ask Startup Info about Slack"
B075H5VLWW,Stitcher,"Alexa, ask Stitcher to play Freakonomics Radio"
B077H2TRTK,Stock Screener,"Alexa, ask stock screener to tell me the price of Microsoft"
B078XDQG6Z,Story Time,"Alexa, ask story time to tell me a story"
B0722KNWX2,Sugarmate,"Alexa, ask Sugarmate for my latest reading"
B01N5JQ5YS,Sydney Guide,"Alexa, ask Sydney Guide"
B07JHLR5TW,T-Minus Countdown,"Alexa, ask T. Minus to countdown to 5 minutes."
B075PLL36H,Tabata Timer,"Alexa, ask Tabata Timer to start."
B01LVWKGRW,TED Talks,"Alexa, ask TED Talks to play the latest talk"
B079T8LMYY,Texas Roadhouse,"Alexa, ask Texas Roadhouse to put me on the waitlist"
B01EIZC71M,The Dishwasher,"Alexa, ask the dishwasher about the dishes"
B01M0WO624,Share The Facts,"Alexa, ask the fact-checkers if Donald Trump opposed the war in Iraq?"
B06Y3NTQ8T,The Old Farmer's Almanac,"Alexa, ask the Farmer's Almanac about today"
B01M26URT4,The Motley Fool,"Alexa, ask The Fool for Apple."
B019R2YB7Y,The Listeners,"Alexa, ask The Listeners."
B017OBZR50,The Name Game (banana-fana),"Alexa, ask The Name Game to use Jessica."
B076GD4Q7T,The Squirrel Whisperer,"Alexa, ask the Squirrel Whisperer to tell me something about squirrels"
B01C3BJBJE,TideGuide,"Alexa, ask tide guide for the tides in Santa Barbara, California"
B072ZTFC4N,Tie A Knot,"Alexa, ask tie a knot how do I tie a square knot?"
B06Y6HTCG5,Tigo,"Alexa, ask Tigo for a system summary"
B01M6W5U7B,Time Clock,"Alexa, ask Time Clock to add an hour for meetings"
B01DL5E2PE,Today In History,"Alexa, ask Today In History what happened on this date in history."
B074GYDNYQ,Toggl Timer,"Alexa, ask toggle timer to start timer on project A"
B07B9HN9R5,Toyota,"Alexa, ask Toyota to start my car."
B01LXGK3RP,Trakt,"Alexa, ask Trakt t.v. what is on TV today?"
B06XYYMW94,Tronald Dump Quotes,"Alexa, ask Tronald Dump Quotes for a quote"
B07538SX5V,Trump Greetings,"Alexa, ask Trump Greetings to say hello to Jane a member of the Democrat party"
B072QCTCH9,Trump Impeachment Clock,"Alexa, ask Trump Impeachment Clock whether Trump will be impeached"
B071FHXX8X,Trump Timer,"Alexa, ask Trump Timer how much time is left"
B01M0UDNJJ,Unofficial Trump Quotes,"Alexa, ask unofficial trump quotes to give me a dumb trump quote"
B07D5KBX5S,Vegan Chef,"Alexa, ask Vegan Chef to find recipes with cauliflower."
B01LWDOBQO,Vegan Facts,"Alexa, ask Vegan Facts for a fact"
B01N5RJBJN,verbal associates two,"Alexa, Ask verbal associates two to test memory"
B01KAXYZUW,Vietnam Facts,"Alexa, ask vietnam facts to tell me a vietnam fact."
B094YDFWDK,Viomi MiHome,"Alexa, ask viomi vacuum to start"
B01N2BJPYQ,Virgin Pulse,"Alexa, ask Virgin Pulse how I'm doing today."
B07YPYHQ1Q,The Weather Channel,"Alexa, ask weather channel what's the weather."
B07FKLHXJ2,WeatherLink,"Alexa, ask WeatherLink what are the current conditions"
B01MY2Y5QF,What Everyone Thinks,"Alexa, ask What Everyone Thinks about oranges."
B077YDCTMS,What's Up With Trump,"Alexa, ask What's Up Trump for recent tweets"
B01L0ALM50,YNAB,"Alexa, ask Why Nab for the balance of Groceries"
B06WVLYTLR,Wind Speed Status,"Alexa, ask wind speed for 10001."
B077367ZF8,Wine Pairing,"Alexa, ask wine pairing which wine goes best with lamb"
B07VMQZXZH,Winix Smart Custom Skill,"Alexa, ask WINIX to turn on my purifier"
B077WZFGYY,Woman's National Democratic Club,"Alexa, ask WNDC for the latest news"
B07QNWBCBS,Ask Woodworker Express,"Alexa, ask Woodworker Express what is a piano hinge?"
B017OBSCOS,Amazing Word Master Game,"Alexa, ask Word Master to play a game"
B077Z9S3TB,Yes Man,"Alexa, ask Yes Man am I right”"
B017RXFNKY,YouVersion Bible,"Alexa, ask YouVersion Bible to read John"
B01GB28COG,Zoo Keeper,"Alexa, ask Zoo Keeper, what does a zebra say?"
B07513ZXTQ,Star Trek - Transporter,"Alexa, beam me up"
B07BVM31K2,Five Decade Catholic Rosary,"Alexa, begin catholic rosary"
B07JK9YWQB,Book Recommendations (Goodreads 4.5 and above),"Alexa, book recommendations”"
B0B25TD5JB,LIVELY SERVICES,"Alexa, Call for help"
B071Z8WGWZ,DISH,"Alexa, change the channel to HGTV"
B08V5J8KFB,Smart Assistant,"Alexa, channel down on TV"
B088FFRFFX,SOMA Smart Home,"Alexa, close Bedroom"
B01NARHJWE,ADT,"Alexa, disarm ADT"
B08MVKRTDK,Brother Printer,"Alexa, discover devices.”"
B08HDJS1Q4,Air Wick,"Alexa, Discover devices”"
B072JTTR7R,Amcrest Cloud,"Alexa, discover my devices"
B08259XK1Z,Virtual Buttons,"Alexa, discover my devices”"
B08M496VGB,IFTTTrigger,"Alexa, discover my devices”"
B09CV7JL3L,Santa - holiday personality for Alexa,"Alexa, enable ‘Hey Santa’."
B06WVN7SHC,Dyson,"Alexa, enable Auto mode on Purifier"
B07Z9KCZSL,Amazon: Call Santa,"Alexa, enable call santa"
B08DBR3YTJ,News Notifications,"Alexa, enable notifications from NPR."
B07NPYFW6M,Hue,"Alexa, enciende relax en el dormitorio"
B08BZP1M1G,Cookmate - formerly My CookBook,"Alexa, Find a chocolate cake with My CookBook"
B073PKWX11,Tile,"Alexa, find my keys."
B076PHYQD2,Find My Phone,"Alexa, Find My Phone."
B074Y8WZ4J,Get Me Up,"Alexa, get me up"
B07P8KXD83,Good Morning,"Alexa, good morning”"
B076K5P8LD,Help Me Sleep: The 15 Minute Insomnia Cure,"Alexa, help me sleep"
B01MTEIMA6,I'm Bored,"Alexa, I'm bored"
B01FOC3LCM,Inspire Me,"Alexa, Inspire Me"
B08XVTH3ZP,Melissa McCarthy - celebrity personality for Alexa,"Alexa, introduce me to Melissa."
B089NGHR7K,Samuel L. Jackson–celebrity personality for Alexa,"Alexa, introduce me to Samuel L. Jackson"
B08XW88QZB,Shaquille O'Neal - celebrity personality for Alexa,"Alexa, introduce me to Shaq."
B08NMRGZV9,Automator,"Alexa, is the device open?”"
B073YGCYX1,Toshiba Smart Home Skill,"Alexa, is the front door locked?"
B06W9H1DVV,Is Trump President? (Unofficial),"Alexa, Is Trump President?"
B072DVXV8X,Just The Temperature,"Alexa, just the temperature"
B078BN33GP,Kitty Kitty,"Alexa, kitty kitty"
B07V81391P,Adventure Travel Show,"Alexa, launch Adventure Travel Show”"
B07BMD7M3Z,Atom Tickets,"Alexa, launch Atom."
B01C67LF58,Aviation Weather,"Alexa, launch Aviation Weather"
B076294GFK,Best Buy,"Alexa, launch Best Buy."
B079JFNVQL,Panasonic Blu-ray Disc Player,"Alexa, launch Blu ray player."
B079C7W8VB,Principles by Ray Dalio,"Alexa, launch Daily Dalio"
B079H4HQ6P,FM NEWS 101 KXL,"Alexa, launch f. m. news one oh one k. x. l."
B07KFN79C1,Flying Chancla,"Alexa, launch Flying Chancla"
B07PJ7B5T5,GolfNow,"Alexa, launch Golf Now"
B01LYS8SYO,Hypno Therapist,"Alexa, launch hypno therapist"
B079HNLQSB,KLGR 1490 & 95.9,"Alexa, launch k. l. g. r."
B07ZTGSXF4,Bedtime: Lullaby Music,"Alexa, launch lullaby music"
B07Y29D7GL,NPR Wine Club,"Alexa, launch n. p. r. wine club”"
B07KCPWH27,Roku,"Alexa, launch Netflix on Roku"
B076QF1W32,94.1 Duke FM,"Alexa, launch ninety four one duke f. m."
B079KY2XNB,93.9 The Eagle (KSSZ),"Alexa, launch Ninety Three Nine The Eagle"
B079HNYGFJ,104-1 The Blaze,"Alexa, launch one oh four one the blaze"
B07CWC8RTM,Scare Me,"Alexa, launch Scare Me and tell me a scary story"
B07KYV63C8,Science Studio by Bayer,"Alexa, launch science studio"
B07QS54FMY,Fronius Solar.web,"Alexa, launch solar web"
B01CPBFDH6,Spanish,"Alexa, Launch Spanish"
B074MKCQX7,The Tick's Housework Hero,"Alexa, launch The Tick's Housework Hero."
B01N92PFXG,This Day in History,"Alexa, launch This Day in History"
B074TV61DK,TRIGGER command,"Alexa, launch TRIGGER command"
B075JMY61M,Virtual Trump,"Alexa, launch Virtual Trump"
B07GTJKYCS,Voice Rewards Me,"Alexa, launch Voice Rewards"
B01HG5G8ES,Learn French,"Alexa, learn French"
B01NBW3LZK,Learn Spanish - SpanishPod101.com Word of the Day,"Alexa, learn Spanish”"
B07KQTZDFM,Froggy 95.5,"Alexa, load froggy ninety five five"
B07J55Q4BN,MyRadar,"Alexa, load my radar"
B08B69TVSR,106.5 WSFL,"Alexa, load one oh six point five w. s. f. l."
B082LS5H1W,Kwikset Smart Home,"Alexa, lock door"
B076VWT4JK,Kevo Smart Home,"Alexa, lock front door"
B075LY9H6H,Key By Amazon,"Alexa, lock my front door."
B07Y8K18C5,TTLock,"Alexa, lock the door lock."
B089VJHBFR,Yale Access,"Alexa, lock the front door."
B07DQHNSK8,U-tec Smart Home,"Alexa, lock the front door."
B077K2TT1N,Nuki Smart Home,"Alexa, lock the front door.”"
B07F3861XD,MAGA,"Alexa, M. A. G. A.”"
B076GT9Y8X,Make Me Smile,"Alexa, make me smile."
B06ZZYZGP4,Mark Cuban Quotes,"Alexa, Mark Cuban Quote”"
B01GOSN706,Meow!,"Alexa, meow meow"
B072KW7SQR,Whirlpool Connected Appliances,"Alexa, microwave for 3 minutes"
B07XY514QS,Toshiba iMicrowave,"Alexa, microwave for 5 minutes."
B07HHFM8ZJ,Bose (not for SoundTouch),"Alexa, next track."
B07QVKKMCM,104.5 The Fox,"Alexa, open 104.5 The Fox."
B07C9KKW3Q,A Moment of Sanctuary,"Alexa, open A Moment of Sanctuary"
B075SNHRLQ,AM 740 KVOR,"Alexa, open a. m. seven fourty k. v. o. r."
B07VF4RPNT,Account Access,"Alexa, open Account Access"
B07BMHNXVN,AccuRadio,"Alexa, OPEN AccuRadio"
B07N69D4VH,"Adult Humor - Jokes, Satires and Compliments","Alexa, open Adult Humor"
B07ML4RD3X,Adventure Island,"Alexa, open Adventure Island”"
B07BS59W1Q,Age Smart,"Alexa, open age smart."
B06XYYRQ3R,Airplane Sounds by Sleep Jar®,"Alexa, open Airplane Sounds"
B081QD3B2N,Alertable,"Alexa, open Alertable."
B07F6K4M8N,All India Radio,"Alexa, open All India Radio"
B01N3MS7AV,Allrecipes,"Alexa, open all recipes”"
B08DKRV42Z,Amazing Chillhop,"Alexa, Open Amazing Chillhop"
B073X5FYVF,Amazon Storytime,"Alexa, open Amazon Storytime"
B0722MF852,Ambient Noise,"Alexa, open Ambient Noise"
B07CJ37YHB,Ambient Sounds,"Alexa, open Ambient Sounds"
B07QS82SXW,Ambient Visions - Relaxing Videos,"Alexa, open Ambient Visions"
B07F38RQS1,Guess the Animal: Animal Sounds Game,"Alexa, open animal game."
B075B2M9CN,Animal Sounds,"Alexa, open Animal Sounds"
B0765D7LGZ,Animal Sounds,"Alexa, open animal sounds."
B077Y6XNK2,Animal Workout,"Alexa, open Animal Workout"
B073B2KPXJ,Anxiety Disorder (GAD-7),"Alexa, open Anxiety Disorder"
B07G2J5GJF,Anxiety Stress,"Alexa, open anxiety stress"
B08XX4ZZ3Z,Apostles' Creed,"Alexa, open apostles creed"
B07FSMN447,Apostles' Creed (Symbol of the Apostles),"Alexa, open Apostles' Creed”"
B06XRZSMKW,April Fools Day Checker,"Alexa, open April Fools Day Checker"
B06XCWZLCN,April the Giraffe,"Alexa, open April the Giraffe"
B018F2YPL4,Guide for ARK,"Alexa, open ARK Guide."
B08Z4GPF37,Audi Financial Services,"Alexa, open Audi Financial Services."
B0758TH8KC,Avis,"Alexa, open Avis."
B01LWLCMGF,My BMW,"Alexa, open B.M.W."
B071VBDC31,Sleep Sounds: Babbling Brook,"Alexa, open Babbling Brook"
B06WWK5PG1,Babbling Brook by Sleep Jar®,"Alexa, open Babbling Brook"
B07F3XTJBL,Baby Animal Trivia,"Alexa, open Baby Animal Trivia"
B07FNHY4HJ,Relaxing Sounds : Baby Bedtime Lullaby,"Alexa, open Baby Bedtime Lullaby"
B075Q5M99J,Relaxing Sounds: Bamboo Flute,"Alexa, Open Bamboo Flute"
B07DXLC41M,Former US President Barack Obama's Latest Tweet,"Alexa, open barack obama's latest tweet"
B081DD8P2W,Barbie: You Can Be Anything,"Alexa, open Barbie”"
B075PTQJJN,NewsChest: Unofficial FC Barcelona news,"Alexa, open Barsa news"
B082GLQ12D,Beat Navy,"Alexa, open beat navy"
B072F3M1FN,Sleep Sounds: Beautiful Dream,"Alexa, open Beautiful Dream"
B07DMH6GDW,Beautiful Instrumentals Channel,"Alexa, Open Beautiful Instrumentals Channel"
B07DGVVQKR,Bedtime Prayers,"Alexa, open Bedtime Prayers"
B07PJ16S9V,Bedtime Stories,"Alexa, open Bedtime Stories"
B074WGJXQL,Short Bedtime Stories,"Alexa, open bedtime stories"
B01HAJ9HI4,Beer Bot,"Alexa, open Beer bot"
B0852YX1QN,Best Forest Sounds by Healing FM,"Alexa, open Best Forest Sounds”"
B072MW79HM,Bible Facts,"Alexa, open bible facts"
B07RLZNCFK,Bible in One Year,"Alexa, open Bible inOne Year"
B07ZTR3DV2,Big Bark,"Alexa, Open Big Bark"
B081RR3NK7,Big 8 Radio,"Alexa, open big eight radio"
B01GU4MBM4,Big Sky®,"Alexa, open Big Sky"
B07CN3LGDD,Bill Tracker,"Alexa, open bill tracker"
B01N3C6CJ2,Bin reminder,"Alexa, open Bin Reminder"
B018YJUQ3Y,BioRhythm,"Alexa, open BioRhythm."
B071KX1Q9M,Bird Sounds by Sleep Jar®,"Alexa, open Bird Sounds"
B01MA4QUQN,Bitcoin Exchange,"Alexa, open bitcoin exchange"
B01FGXT5A6,21 Blackjack,"Alexa, open black jack"
B08G8PGZTG,Black Lives Matter,"Alexa, open Black Lives Matter”"
B07RVD8T7X,Blizzard Sounds by Sleep Jar®,"Alexa, open Blizzard Sounds"
B075WCJ1MY,Sleep Sounds: Blizzard Sounds,"Alexa, open Blizzard Sounds"
B01KN51D16,Bloomberg,"Alexa, open Bloomberg."
B0746DVDH2,Blue Sky,"Alexa, open Blue Sky"
B07MJP27XH,Bluey Facts,"Alexa, open Bluey Facts"
B0847TWBKW,Boss Baby,"Alexa, open boss baby”"
B0841HVH5L,Box Fan,"Alexa, open Box Fan"
B0711DSH1T,Sleep Sounds: Box Fan Sounds,"Alexa, open Box Fan Sounds"
B08XLZ4C1V,Box of Cats Second Edition,"Alexa, open box of cats two"
B01N188I03,Bring! Shopping List,"Alexa, open Bring and add milk."
B07586HT1C,Brown Noise by Sleep Jar®,"Alexa, open Brown Noise"
B0713Z5TJG,Sleep Sounds: Brown Noise,"Alexa, open Brown Noise"
B07DKZ8DXZ,Bug Facts for Kids,"Alexa, open Bug Facts"
B07B4XGP4M,Burglar Deterrent,"Alexa, open Burglar Deterrent"
B08GYLS67C,Bye Donald,"Alexa, open bye donald"
B073SHBXL2,KIRO Radio 97.3 FM,"Alexa, open cairo radio"
B07G4B6WL4,Calm My Dog,"Alexa, open Calm My Dog"
B072KN2CQV,Calm Radio - Music to Super-Relax,"Alexa, open Calm Radio"
B07D71QXBP,Starship Captain's Log 2020,"Alexa, open captains log"
B071DWSSQL,Sleep Sounds: Car Ride,"Alexa, open Car Ride"
B017OBJI46,Cat Facts,"Alexa, open Cat Facts."
B071WTRBYR,Cat Sounds by Sleep Jar®,"Alexa, open Cat Sounds"
B079FPVGLC,Cat Translator,"Alexa, open cat translator."
B07JDKD6X7,Catechism - The Angelical Salutation,"Alexa, open catechism angelical salutation”"
B07CWB6LRH,Comfort Sounds: Celtic Music,"Alexa, open Celtic Music"
B086JZSSZQ,celtic rosary,"Alexa, open celtic rosary"
B08VNCVDBL,Youtube Recommendations(unofficial),"Alexa, open channel recommendations"
B07HRHGVKF,Charities Support,"Alexa, open charities support"
B07K49GRCV,Chat Bot,"Alexa, open chat bot"
B071GM7Y6V,Chicago Summmer Festival & Event Calendar,"Alexa, open chicago events calendar"
B075VCF9JC,Kansas Chiefs Radio Network,"Alexa, open chiefs radio network"
B07D3F5NPJ,Chill DNB,"Alexa, open Chill DNB"
B078ZLMZRB,Chit Chat,"Alexa, open Chit Chat"
B07NM51N3B,Chore chart,"Alexa, open Chore chart"
B08B482TX8,Chore Reminder,"Alexa, open chore reminder"
B076DM2F5G,Christian Meditation,"Alexa, open christian meditation"
B076FFXH83,Christmas Radio,"Alexa, open christmas radio"
B071DPMYXY,Ambients: Church,"Alexa, Open Church Ambient"
B071RV17DX,Sleep Sounds: City Rain,"Alexa, open City Rain"
B07195KHJS,Sleep Sounds: City Sounds,"Alexa, open City Sounds"
B06Y1291WV,City Sounds by Sleep Jar®,"Alexa, open City Sounds"
B075TKHJFJ,Classic Rock 97 LAV,"Alexa, open classic rock ninety seven l. a. v."
B078RS5QSH,Clorox Clean,"Alexa, open Clorox Clean"
B08P1DWGW5,cocktailer,"Alexa, open cocktail instructor"
B01DQCN5HI,Comedy Dog,"Alexa, open Comedy Dog."
B08SWJKHSF,Comfort My Dogs,"Alexa, open Comfort My Dog”"
B01AVKM8NU,CompliBot,"Alexa, open CompliBot"
B07DGTLXRL,Confidence Affirmation,"Alexa, open Confidence Affirmation"
B06XBZDYV4,Cooking Temperature Buddy,"Alexa, open Cooking Temperature Buddy"
B091KC5ZFT,Copper Compression,"Alexa, open Copper Compression"
B076NZ8W9Q,Cosy Fireplace,"Alexa, open Cosy Fireplace"
B075WD48NB,Sleep Sounds: Country Night,"Alexa, open Country Night"
B09NQ7VL88,Crackling Fire,"Alexa, open crackling fire”"
B01M13DIF1,Crazy Fact,"Alexa, open Crazy Fact"
B0B6WQ16Z3,Create With Alexa,"Alexa, open create with me"
B071DGGH17,Cricket Sounds by Sleep Jar®,"Alexa, open Cricket Sounds"
B075QSWPHB,Sleep Sounds: Cricket Sounds,"Alexa, open Cricket Sounds"
B07S1SSB2J,Country Night Cricket Sound (2 hr) - Better Sleep,"Alexa, open cricket sounds”"
B071ZY5D17,Critical Thinking Skill,"Alexa, open critical thinking"
B01L4SQXE8,Dad Jokes,"Alexa, open dad jokes and tell me a joke"
B0861W9BBM,Daily Affirmations,"Alexa, open daily affirmations”"
B078J9CS1K,Daily Dose by Innovative Language,"Alexa, open Daily Dose"
B01N9Y7OT6,Daily Kindness | Spreading Kindness in the World,"Alexa, Open Daily Kindness"
B088KG5VWL,Daily Prayer,"Alexa, open daily prayer”"
B07HV2B5T4,Daily Trumpism,"Alexa, open Daily Trumpism"
B0759KJ8D2,Days Until,"Alexa, open Days Until"
B07GBVXFT4,Deep Sleep Meditation | Improve Sleep Quality,"Alexa, open Deep Sleep Meditation"
B01IXGKVEM,Deep Thoughts,"Alexa, open Deep Thoughts"
B081LV5DS6,Denigrame,"Alexa, open Denigrate spanish"
B08377KP6Z,Desiring God Sermon of the Day,"Alexa, open desiring god"
B01N9N308T,Diffuser Blends,"Alexa, open Diffuser Blends."
B07BB4WWB3,Disney Stories,"Alexa, open Disney Stories."
B075GKBZFP,Distant Thunderstorm by Sleep Jar®,"Alexa, open Distant Thunderstorm"
B075QXNSCZ,Sleep Sounds: Distant Train,"Alexa, open Distant Train"
B07BJ4CHKH,Divine Office Magnificat,"Alexa, open Divine Office Magnificat."
B01FPWIUN6,Dr Speech,"Alexa, open Doctor Speech"
B07NGQGN5P,Dog teaser,"Alexa, open dog teaser"
B07R3T7WS8,Dolly Parton Quotes,"Alexa, open Dolly Parton Quotes"
B01B5G99CC,Domino's,"Alexa, open Dominos"
B07735NFFX,Dori Monson - KIRO Radio 97.3 FM,"Alexa, open Dori Monson Show"
B074BBTYXW,DrugInfoSkill,"Alexa, open drug info"
B07KS3S374,ESPN Milwaukee,"Alexa, open e. s. p. n. milwaukee"
B01LZ50DYT,RUI's Earth Facts,"Alexa, open earth facts"
B07KWRFSCM,Email Pro,"Alexa, open Email Pro”"
B074JCPM4M,ESPN,"Alexa, open ESPN."
B0799MY7C2,Evening Prayer,"Alexa, open Evening Prayer"
B073R9LDLH,Exchange Rate,"Alexa, open exchange rate and convert dollar to rupee"
B088KN4PKL,"Explore Destinations, by Celebrity Cruises","Alexa, Open Explore Destinations"
B078SMBPQJ,Fairy Tale,"Alexa, open fairy tale fact"
B07Z3P2JZ2,Family Chores,"Alexa, open family chores"
B0797K17XD,Family Life Radio,"Alexa, open family life radio"
B07S8K6J5F,Family Quiz,"Alexa, open Family Quiz"
B01LY4X3YU,Famous Sonnet,"Alexa, open Famous Sonnet."
B06XZH3FJZ,Fan Sounds by Sleep Jar®,"Alexa, open Fan Sounds"
B07FS7TVPP,Fart Noise,"Alexa, open Fart Noise"
B01HUTWTRK,Fart Sound Jokes,"Alexa, open fart sound"
B07FRFBT81,Fascinating Cat Facts,"Alexa, open fascinating cat facts"
B075SWKXG4,Relaxing Sounds: Feng Shui Music,"Alexa, Open Feng Shui Music"
B078WTCTZK,Ambient Visions: Fireplace,"Alexa, open fireplace"
B0722N3G2G,Sleep Sounds: Fireplace Sounds,"Alexa, open Fireplace Sounds"
B06XRTJ29M,Fireplace Sounds by Sleep Jar®,"Alexa, open Fireplace Sounds"
B01NCHWH6U,FishWise,"Alexa, open FishWise"
B07V8L9LVR,Five More Minutes,"Alexa, open Five More Minutes"
B07931GKRJ,Flu Tool,"Alexa, open flu tool"
B0713ZFPF2,Sleep Sounds: Forest Bird Sounds,"Alexa, open Forest Bird Sounds"
B075W74Z7V,Forest Night by Sleep Jar®,"Alexa, open Forest Night"
B09MFSJ4Z6,Forest Night Sounds,"Alexa, open forest night sounds”"
B075TSRLBM,Fountain Sounds by Sleep Jar®,"Alexa, open Fountain Sounds"
B07CQ6N6JW,Free Beer and Hot Wings,"Alexa, open free beer and hot wings"
B078S3DHXC,Freeze Dance,"Alexa, open Freeze Dance"
B078THGXTG,Freeze Dancers,"Alexa, open freeze dancers"
B071ND6PPL,Frog Sounds by Sleep Jar®,"Alexa, open Frog Sounds"
B07CPSD9S6,Game of Places,"Alexa, open game of places"
B01N2R3BN9,General Electric Podcast Theater,"Alexa, open GE Podcast Theater."
B07D5C3ZPT,Get Organized,"Alexa, open Get Organized"
B07VYW5TRH,Ghostbusters: Franchise 84,"Alexa, open Ghostbusters”"
B06VX6VY1F,GMO Facts,"Alexa, Open GMO Facts."
B07FSNY8XD,Good Morning Beautiful,"Alexa, open Good Morning"
B075WNXWD9,Sleep Sounds: Gregorian Monks,"Alexa, open Gregorian Monks"
B0851XGMD4,Grocery List,"Alexa, open grocery list"
B07C8KWJN6,Guardian Technologies,"Alexa, open Guardian Technologies"
B07S783H5Z,Britannica’s Guardians of History,"Alexa, Open Guardians of History"
B0752SPRYW,Guess Me,"Alexa, open Guess Me”"
B07HYPD35J,Guided Sleep Meditation : Ultimate Deep Relaxation,"Alexa, open Guided Sleep Meditation"
B075WP245G,Sleep Sounds: Guitar Sounds,"Alexa, open Guitar Sounds"
B07SPZ4H4K,America's OTR - Gunsmoke Radio,"Alexa, open Gunsmoke Radio!"
B07DVL3MVK,Hail Mary,"Alexa, open Hail Mary”"
B07DJ59MHJ,Happiness Affirmation,"Alexa, open Happiness Affirmation"
B079TYM85T,Happy Hour,"Alexa, open Happy Hour."
B07RBCR48L,Hartford Courant,"Alexa, open Hartford Courant"
B074MJGHZ2,Hayward,"Alexa, open Hayward"
B075WH6CLF,Relaxing Sounds: Healing Music,"Alexa, Open Healing Music"
B076TFFB7D,Heart Rate Finder,"Alexa, open heart rate finder"
B0722N3KXP,Sleep Sounds: Heavy Rain,"Alexa, open Heavy Rain"
B075V2PX4Z,Heavy Rain Sounds by Sleep Jar®,"Alexa, open Heavy Rain Sounds"
B077F51WWV,Hide and Seek,"Alexa, open Hide and Seek"
B01L71RHEW,Hillary Clinton Facts,"Alexa, open hillary fact"
B0786S28PZ,Hip Hop Radio,"Alexa, open hip hop radio"
B07C9VNX58,Historical Voices,"Alexa, open Historical Voices"
B07D7Z3B4S,Vivitar Home Cameras,"Alexa, open home camera"
B07SZ7BCDJ,Nexx Smart Home,"Alexa, open home garage"
B07D4L3F3H,Hopeway Life,"Alexa, open hope way and turn camera alarm on"
B081G67BWP,Horror Story,"Alexa, open horror story"
B08T84JLT6,Chores,"Alexa, open household chores"
B073PDGZT7,Houston City Guide,"Alexa, open Houston City Guide"
B07NS33RHD,How Many Days,"Alexa, open How Many Days"
B07NW8T7V1,How Many Days,"Alexa, open How Many Days"
B08573M5JL,How Many Days,"Alexa, open how many days"
B07WQQF6GC,How Many Days,"Alexa, open How Many Days"
B0851XHT7W,How Many Days,"Alexa, open how many days"
B01MXE2UKQ,HuntWise,"Alexa, open HuntWise"
B01EFCJ0OU,Hurricane Center,"Alexa, open Hurricane Center"
B089X8XKHS,Hyper Reach,"Alexa, open Hyper Reach."
B078XMW9X8,I spy,"Alexa, open I spy"
B01KLID8YK,Current Local Time In India,"Alexa, open India time"
B075Q4Q752,Relaxing Sounds: Indian Flute,"Alexa, Open Indian Flute"
B07WHQ18GC,Mosquito Repellent - 100% working,"Alexa, open insect repellent"
B074TBH5N4,Irish Tunes,"Alexa, open Irish Tunes"
B09ND7YXN3,Jahez,"Alexa, open Jahez"
B075Q4TT5J,Relaxing Sounds: Japanese Flute,"Alexa, Open Japanese Flute"
B072M53YNL,Japanese Garden Sounds by Healing FM,"Alexa, open Japanese Garden Sounds”"
B071ZTFXVB,Jets Fan,"Alexa, open Jets fan."
B07N17JHBX,John Hancock,"Alexa, open john hancock"
B01LZSIYV5,Johnnie Walker,"Alexa, open Johnnie Walker"
B07JGNHZCW,justSmile,"Alexa, open just smile"
B07YSRTQ27,JW.ORG®,"Alexa, open jw.org"
B07MK5ZL2S,KDKA-TV News Pittsburgh,"Alexa, open k. d. k. a. t. v.”"
B07B1JFXNS,KJZZ,"Alexa, open KJZZ."
B074CLBJT9,KSAT 12 News and Weather - San Antonio,"Alexa, open KSAT”"
B07T2TSZG7,LaMusica,"Alexa, open la musica and play la mega New York"
B07GN5X28Q,Late coming Excuses,"Alexa, open Late coming Excuses"
B07C64BDGZ,LBC News London,"Alexa, open LBC London News”"
B078RGPMY6,Lemonade Stand,"Alexa, open Lemonade Stand"
B07KR5WSL3,Let's Blabber,"Alexa, Open let's blabber"
B07K6J4VRR,Talk to Me,"Alexa, open let's talk"
B06XHQFLGX,Life360,"Alexa, open Life 3 60"
B07Q2Y1S3K,Lift Factor Connect,"Alexa, open Lift Factor Connect”"
B07JMJ3WRV,Light Rain Sounds by Sleep Jar®,"Alexa, open Light Rain Sounds"
B07H5JKHQQ,Listen Japan,"Alexa, open listen japan"
B075ZBNR7W,LiveBallot,"Alexa, open Live Ballot"
B07YZDNYVM,4K Aerial Screensavers for Echo Show,"Alexa, open live screensavers"
B089649PZC,Live Streaming for Twitch,"Alexa, open Live Streaming"
B08QS4L7P1,Lo-Fi Beats,"Alexa, open Lo Fi Beats"
B076DKTGPQ,WPLG Local 10 News and Weather - Miami,"Alexa, open Local 10”"
B07PXYKLQJ,Local Bot,"Alexa, open Local Bot"
B07SB3ZC9H,Lullaby Sounds by Healing FM,"Alexa, open Lullaby Sounds”"
B082MT778N,Luminary,"Alexa, open Luminary"
B084C7QQV3,Lysol,"Alexa, open Lysol"
B078JQCZV1,Majic 94.5,"Alexa, open magic ninety four five"
B075VF5J1N,Magic 93 - WMGS,"Alexa, open magic ninety three"
B075WGFSYH,Relaxing Sounds: Magical Campfire,"Alexa, Open Magical Campfire"
B07F1QKBN1,Make Me Smile,"Alexa, Open Make Me Smile"
B07W87RCX6,Mango Facts,"Alexa, open Mango Facts"
B08FB79G8F,Marijuana Booklet,"Alexa, open marijuana booklet"
B075VFVVYS,Mark Levin Show,"Alexa, open mark le-vin show"
B07G1F1Y9L,Mattress FIRM Tips,"Alexa, open mattress firm tips"
B07B6RTLW4,Meal Chooser,"Alexa, Open Meal Chooser"
B01E1ZSQ5U,Meal Idea,"Alexa, open meal idea"
B07ZHBYQWH,Medicine Reminder - Vietnam,"Alexa, open medicine reminder”"
B081VXFDYL,medieval quiz,"Alexa, open medieval quiz"
B075WD7QFH,Sleep Sounds: Medieval Sounds,"Alexa, open Medieval Sounds"
B07G2L3TBB,Men's Health Minute,"Alexa, open Men's Health Minute"
B072TNGXZY,Washington D.C. Metro Bus Predictions,"Alexa, open metro bus"
B07VFK93V3,Sophi,"Alexa, open Mi Banco Banco”"
B07PPZ727Q,Mico Zoo,"Alexa, open mico zoo"
B01MR5F2W9,Mind Reader,"Alexa, open Mind Reader"
B01BN1DYBQ,1-Minute Mindfulness | Peace One Minute at a Time,"Alexa, Open Mindfulness"
B06XRCK755,Mr. Bartender,"Alexa, Open Mister Bartender"
B086QZXNJT,Morgan Freeman Motivation,"Alexa, open Morgan Freeman Motivation"
B075SXLYJT,Relaxing Sounds: Morning Music,"Alexa, Open Morning Music"
B076MJ5WXL,Morning Rooster,"Alexa, open Morning Rooster"
B07F58JC84,Morse Code Messenger,"Alexa, open Morse Code Messenger"
B07BHKXF8P,Motiv Ring,"Alexa, open Motiv Ring"
B076PYRXS7,Motivate Me!,"Alexa, open Motivate Me."
B071YVBXN1,Sleep Sounds: Mountain Lake,"Alexa, open Mountain Lake"
B082WNTW96,Muse Meditation,"Alexa, open Muse Meditation."
B075QZL8MR,Sleep Sounds: Music Box,"Alexa, open Music Box"
B086L4JLPJ,Music Player | Unofficial YouTube Playlist Player,"Alexa, open Music Player"
B076TT5ZGH,Musical Soul Food Radio,"Alexa, open musical soul food"
B07P8PVXW5,My birthday countdown,"Alexa, open My birthday countdown"
B071J4SX4L,Calculator,"Alexa, open my calculator"
B07D1TVM22,My Chatter,"Alexa, open my chatter”"
B084KML7CX,My Chores,"Alexa, open my chore"
B073PQ59YC,My Counter Ver2,"Alexa, open my counter"
B08SHLBNCN,My Daily Affirmations,"Alexa, open my daily affirmations"
B0757BH2SJ,My Daily Devotion,"Alexa, open my daily devotion”"
B07QPT8DRR,My Daily Prayers,"Alexa, open my daily prayers"
B01FB6A31I,Examining the Scriptures Daily,"Alexa, open my daily text for today"
B08DMKKG58,My delivery,"Alexa, open my delivery"
B07PM6GKHV,My Flashcards,"Alexa, open My Flashcards"
B06XPP135L,My Media,"Alexa, open My Media"
B07PQ33HV6,myNoise,"Alexa, open My Noise"
B07K1X5WSC,My Story,"Alexa, open My Story"
B0791GNRJ9,Nanit,"Alexa, open Nanit."
B06W9JQGVL,NASCAR,"Alexa, open NASCAR"
B075R2MLSR,Sleep Sounds: Native American Flute,"Alexa, open Native American Flute"
B075JB58NC,Nature Sounds,"Alexa, open Nature Sounds"
B077SYFPDS,NewLife Radio,"Alexa, open new life radio"
B075SK2LN7,News Radio 106.7,"Alexa, open news one oh six point seven"
B075TJHRBT,News Radio 1440,"Alexa, open news radio fourteen forty"
B0764GDTVG,Night Light,"Alexa, open Night Light”"
B075ZW3NRY,Night Night,"Alexa, open Night Night”"
B075RCLZQ9,95.5 KLOS,"Alexa, open ninety five five k. l. o. s."
B078JV9R2Y,95.1 SHINE-FM,"Alexa, open ninety five one shine f. m."
B075TT338F,94.9 KCMO,"Alexa, open ninety four nine k. c. m. o."
B07QLBN1CS,94.9 MIX FM,"Alexa, open ninety four nine mix f. m."
B075VG4JLS,99.5 Magic FM,"Alexa, open ninety nine point five magic f. m."
B075SK6VKV,96.3 WDVD,"Alexa, open ninety six three w. d. v. d."
B075TCGD9V,93X,"Alexa, open ninety three x."
B075VDJHNC,92.5 Nash Icon,"Alexa, open ninety two five nash icon"
B075TCBJL1,92 KQRS,"Alexa, open ninety two k. q. r. s."
B075SMKVMD,92 PRO-FM,"Alexa, open ninety two pro f. m."
B078HTP2K2,92Q Jams,"Alexa, open ninety two q."
B07M89TCHB,notification hub,"Alexa, open notification hub."
B07D19DXR8,NP Facts,"Alexa, open NP Facts"
B0739HFC6S,Nutrition Wiki,"Alexa, open nutrition wiki."
B077V2MV23,Ocean Sounds,"Alexa, open Ocean Sounds"
B071KYWH2L,Sleep Sounds: Ocean Sounds,"Alexa, open Ocean Sounds"
B01M5E92TH,Ocean Sounds by Sleep Jar®,"Alexa, open Ocean Sounds"
B078WTXRV3,Ambient Visions: Ocean Waves,"Alexa, open ocean waves"
B07DFKX8B1,Sleep Sounds of Ocean waves,"Alexa, open Ocean waves"
B07N6JVGNK,Omron Health,"Alexa, open Omron Health"
B075TTV7VB,102.5 WIOG,"Alexa, open one oh two point five w. i. o. g."
B01AVQLZQ0,1-2-3 Math,"Alexa, Open one two three”"
B0713ZFV63,Sleep Sounds: Oscillating Fan Sounds,"Alexa, open Oscillating Fan Sounds"
B079843645,Our Daily Bread,"Alexa, open our daily bread"
B07L3CW41D,PSEG (Public Service Electric and Gas),"Alexa, open p. s. e. and g."
B072TM4GX8,Packers Fan,"Alexa, open Packers fan."
B072M8GC31,Panthers Fan,"Alexa, open Panthers fan."
B076285Z91,ParkWhiz,"Alexa, open ParkWhiz."
B07V3XM5Y1,Party of Lincoln - News & Legislation,"Alexa, open Party of Lincoln"
B078THWM6Y,New England Patriots,"Alexa, open Patriots."
B07BKV1VCY,"Sleeping Sounds: Ambient, Spa And White Noise","Alexa, open peaceful sounds"
B08C7RNW9N,Pentair ScreenLogic,"Alexa, open pentair pool"
B019HTWWW8,Perfect Pitch,"Alexa, Open Perfect Pitch."
B07CXQFD5L,PETKIT,"Alexa, open pet kit"
B085951K77,"Pet Translator, by My Talking Pet","Alexa, open Pet Translator"
B07S33R6RF,Daniel Phelan Language Academy,"Alexa, open phelan elementary school"
B077KHD3T9,Phone Finder,"Alexa, open Phone Finder and search for my phone"
B07NVN73L1,Photosynthesis Quiz,"Alexa, open Photosynthesis Quiz"
B01M0S2SXX,Pickup LInes,"Alexa, open pickup lines”"
B075RD1J6B,Sleep Sounds: Pink Noise,"Alexa, open Pink Noise"
B074NY8FV6,Pink Noise by Sleep Jar®,"Alexa, open Pink Noise"
B079FT68DX,Pivot Podcast,"Alexa, Open Pivot Podcast"
B01N485MN4,Planetary Weight,"Alexa, open planetary weight"
B07XCV7SD4,Pledge Free Stream from KQED,"Alexa, open pledge free stream”"
B07T73LFJ3,Polish Flash Cards,"Alexa, open Polish Flash Cards"
B077G87QYC,Praise 100.9,"Alexa, open praise one hundred point nine"
B078JZKXBR,Praise 104.7,"Alexa, open praise one oh four point seven"
B0747V2K8M,PRAISE Radio,"Alexa, open praise radio."
B07MHTJRYX,Prayer Times,"Alexa, open Prayer Times"
B079T7Z7Y9,Prudential Retirement,"Alexa, Open Prudential Retirement"
B07DBKX389,Put-in-Bay Restaurant Guide,"Alexa, Open Put-in-Bay Restaurant Guide"
B07QV5S4JH,Q 100.3,"Alexa, open q. one hundred point three"
B077H7S9HC,Radio Big Sister,"Alexa, Open Radio Big Sister."
B01MT1LTF7,Radio Inner Sanctum,"Alexa, open Radio Inner Sanctum.”"
B01NBMH2WE,Radio Johnny Dollar,"Alexa, open Radio Johnny Dollar.”"
B01N9N0YCA,Radio Mystery Theater,"Alexa, Open Radio Mystery Theater."
B01NCWOE0X,Radio Nero Wolfe,"Alexa, Open Radio Nero Wolfe."
B084ZHLJS8,Radio Old Time,"Alexa, open Radio Old Time.”"
B01NBQOKOZ,Radio Richard Diamond,"Alexa, open Radio Richard Diamond.”"
B01N5QFCPK,Radio Scotland Yard,"Alexa, Open Radio Scotland Yard."
B06W5GWSW6,Radio Sherlock Holmes,"Alexa, open Radio Sherlock Holmes.”"
B01NH7RX6W,Radio Superman,"Alexa, Open Radio Superman."
B07B3S4V4W,Rain at Mama's House,"Alexa, open Rain At Mamas House"
B07DDFW5RK,RainMachine,"Alexa, open rain machine."
B075QQ9QP4,Sleep Sounds: Rain On A Tent,"Alexa, open Rain On A Tent"
B075DVY1SF,Rain on a Tent by Sleep Jar®,"Alexa, open Rain on a Tent"
B075F37ZHM,Rain on a Tin Roof by Sleep Jar®,"Alexa, open Rain on a Tin Roof"
B075QPRXXM,Sleep Sounds: Rain On A Tin Roof,"Alexa, open Rain On A Tin Roof"
B07JMM35CJ,Rain on a Window by Sleep Jar®,"Alexa, open Rain on a Window"
B08CKPMDJ9,Rain,"Alexa, open Rain Sounds"
B072L5H6WK,Sleep Sounds: Rain Sounds,"Alexa, open Rain Sounds"
B01LXQXW3G,Rain Sounds by Sleep Jar®,"Alexa, open Rain Sounds"
B0772HL52Y,Rain Sounds,"Alexa, open Rain Sounds"
B08DXSVYMM,Rain Thunder,"Alexa, open rain thunder"
B078WTWK7W,Ambient Visions: Rainfall,"Alexa, open rainfall"
B06Y3TH1TB,Rainforest Sounds by Sleep Jar®,"Alexa, open Rainforest Sounds"
B07GXRKHN6,Rainforest Sounds,"Alexa, open rainforest sounds"
B072L532XW,Sleep Sounds: Rainforest Sounds,"Alexa, open Rainforest Sounds"
B079YV6WZL,Raleigh News & Observer,"Alexa, open raleigh news"
B01MFBZO7M,random-song-lyrics,"Alexa, open random song lyrics”"
B081LG1SXC,Real Simple Tips,"Alexa, open Real Simple Tips"
B0857GN4JC,Red Bull TV,"Alexa, open Red Bull TV"
B0786QYD21,Red Eye Radio,"Alexa, open red eye radio"
B07BC7G4JH,Red Riding Hood - Interactive story for kids,"Alexa, open Red Riding Hood”"
B07JZ775V3,Calm My Cat,"Alexa, Open Relax My Cat"
B07JYYHV5L,Comfort My Dog,"Alexa, Open Relax My Dog"
B081CNKJKB,Relax My Dog®,"Alexa, open relax my dog"
B07YDRSPM3,Relax My Pet,"Alexa, Open Relax My Pet"
B07BSZC9V2,Relaxing Jazz,"Alexa, open Relaxing Jazz"
B07GYJD338,Relaxing Music,"Alexa, open relaxing music"
B083GHSQV7,Relaxing Music for Dogs,"Alexa, open Relaxing Music Dogs"
B07K5SLW85,Relaxing Piano,"Alexa, open relaxing piano"
B075WL3P92,Sleep Sounds: Relaxing Piano,"Alexa, open Relaxing Piano"
B074YV4VJ3,Relaxing Sounds,"Alexa, open Relaxing Sounds"
B019YGPC1M,Resistor Decoder,"Alexa, open Resistor Decoder."
B074787PH6,Can I Have a Conversation in the Restroom,"Alexa, open restroom conversations"
B07PDXRN6W,Reverie Connect,"Alexa, open Reverie Connect and set bed to flat"
B07FPC7YJ9,Roast Me - Pro,"Alexa, open roast me pro.”"
B07FFN7RLJ,Rock 102.1 KFMA,"Alexa, open rock one oh two point one k. f. m. a."
B09DCK7HRF,Smith & Noble - Smart Shades 2.0,"Alexa, open Roller Shades."
B073W3T5GW,Rosetta Stone,"Alexa, open rosetta stone"
B079YX279Z,Sacramento Bee,"Alexa, open sacramento bee"
B01JFUHN0K,School Menus By Nutrislice,"Alexa, open school menus."
B0766625N6,Scooby Doo! Mystery Inc. Theater,"Alexa, open Scooby-Doo"
B075WCZ4J1,Sleep Sounds: Seaside Sounds,"Alexa, open Seaside Sounds"
B077399T1V,Seattle's Morning News - KIRO Radio 97.3 FM,"Alexa, open seattle's morning news"
B073PQGLQB,Security Flashcards,"Alexa, open Security Flashcards"
B07KXT5GTK,Self Esteem Increaser,"Alexa, open self esteem increaser"
B073XBBWRQ,Sesame Street,"Alexa, open Sesame Street."
B073RW711G,710 ESPN Seattle,"Alexa, open seven ten e. s. p. n. seattle"
B07SPKYF8Y,Automate Shades V2,"Alexa, open shade name"
B078RR9PJY,Sight Words,"Alexa, open sight words"
B01NBLMM84,Simon Says,"Alexa, open Simon Says"
B078HW242V,Sit ubu sit,"Alexa, open Sit ubu sit”"
B075ZY6NGD,Sleep Light,"Alexa, open Sleep Light”"
B075QTJGCH,Sleep Sounds: Sleep Little Babies,"Alexa, open Sleep Little Babies"
B071CG8GB8,Sleep Sounds,"Alexa, open Sleep Sounds"
B07TDGMK9K,Sleep Tales - Relaxing Bedtime Stories for All,"Alexa, open sleep tales"
B07HYYK91Y,Slow German Podcast,"Alexa, open slow german podcast"
B0BHZ2B66G,Smart Clocks - Audible Clock Chimes For Your Home,"Alexa, open smart clocks”"
B07D74ZW4W,GOSPELL,"Alexa, open smart performer"
B073R7GH3Q,SmartCam+,"Alexa, Open smartcam."
B081VT3KH7,Sound Machine,"Alexa, open Sound Machine"
B075DXQFHN,Space Deck by Sleep Jar®,"Alexa, open Space Deck"
B075WFWNS6,Relaxing Sounds: Spanish Guitar,"Alexa, Open Spanish Guitar"
B072LTXJCT,speak spell,"Alexa, open Speak Spell"
B0711M1Z4B,Spider-Man,"Alexa, open Spiderman"
B073RXM93H,Sports Radio 104.3 The Fan,"Alexa, open sports radio one oh four three the fan."
B08HKZ1KRQ,Star 106.9,"Alexa, open star one oh six point nine"
B07L8XWGW3,stone text,"Alexa, open stone text"
B079HDBYD2,Store Card,"Alexa, open store card."
B078T1ZXPN,Watch TV with Stream Player,"Alexa, open Stream Player"
B079ZPK29L,KBLS 102.5 FM,"Alexa, open sunny one oh two point five"
B07QCVSX2P,Super Burp,"Alexa, open Super Burp"
B07L1N278F,You Choose Superman Adventures,"Alexa, open Superman Adventures"
B07B88GSCK,Supertalk Mississippi,"Alexa, open supertalk mississippi"
B074M4PZJD,Sweet Dreams,"Alexa, open sweet dreams"
B075NLDYBV,Sword and Scale,"Alexa, open sword and scale."
B075SKHT38,Talk Radio 102.3,"Alexa, open talk one oh two point three"
B07NC8NTJZ,Tammy's Tingle Karaoke,"Alexa, open tammy's tingle karaoke"
B07PY89DPV,The Beach Bum,"Alexa, open the Beach Bum”"
B076SYBVKR,IKEA Home smart 1,"Alexa, open the Bedroom blinds"
B07CMHQV9Q,The Ben Shapiro Show,"Alexa, open the ben shapiro show"
B019S6O3LS,The Bible,"Alexa, open The Bible."
B077YCN1HP,99.7 The Blitz - WRKZ Columbus Ohio,"Alexa, open The Blitz."
B01GY2FTIK,Box of Cats,"Alexa, open the box of cats"
B07X2WM7WD,Chinese Joke,"Alexa, open the chinese joke"
B07M6MKJXB,The Daily,"Alexa, open The Daily"
B092S3BTPC,The Daily Question,"Alexa, open The Daily Question"
B01HHDCU2S,The Daily Show,"Alexa, open The Daily Show”"
B0839P5QRZ,Aladdin Connect Smart Home,"Alexa, open the garage door."
B077GGXMXF,The Jazz Groove,"Alexa, open The Jazz Groove"
B07SWHFR8G,Listen to The Kim Komando Show,"Alexa, open The Kim Komando Show"
B07GSYK2FP,The King is Coming,"Alexa, open the king is coming"
B01B7AHS8I,The Law,"Alexa, open The Law"
B01BMUU6JQ,The Magic Door,"Alexa, open the magic door”"
B01A637FE4,The Scriptures,"Alexa, open The Scriptures."
B088Z34GVG,The Star,"Alexa, open the star news"
B01N1SVDX4,The Tonight Show,"Alexa, open The Tonight Show"
B01C9AX5VY,The Wayne Investigation,"Alexa, open the Wayne Investigation"
B07SL94LJ5,The Writer's Almanac,"Alexa, open The Writer's Almanac"
B07FR67MWJ,Thoughts of Dog Latest Tweet,"Alexa, open Thoughts of Dog"
B09186V5MB,Thunderstorm Sounds And Rain™,"Alexa, open thunderstorm sounds"
B07633JY7M,Thunderstorm Sounds,"Alexa, open Thunderstorm Sounds"
B072L534SK,Sleep Sounds: Thunderstorm Sounds,"Alexa, open Thunderstorm Sounds"
B01M3RCM3B,Thunderstorm Sounds by Sleep Jar®,"Alexa, open Thunderstorm Sounds"
B075WQZDRG,Sleep Sounds: Tibetan Bowls,"Alexa, open Tibetan Bowls"
B07GSY8Z4G,Tibetan Singing Bowls,"Alexa, open Tibetan Singing Bowls"
B01N7TA8F0,Tide Chart,"Alexa, open Tide Chart"
B072QVL4NN,Tinnitus Facts,"Alexa, open Tinnitus Facts"
B07SNCYGXR,Todd-N-Tyler,"Alexa, open todd and tyler"
B01A9GPHNE,Tough Guy,"Alexa, open Tough Guy"
B06Y3TBYHJ,Train Sounds by Sleep Jar®,"Alexa, open Train Sounds"
B07HH952RV,TransportMe,"Alexa, open transport me"
B07SZ44C12,The Trinidad Express,"Alexa, open Trinidad Express”"
B07JBL3DQH,Trivial Pursuit Family Edition,"Alexa, open Trivial Pursuit Family Edition"
B07MZPXMQ2,trump jokes,"Alexa, open trump jokes and tell me a joke"
B06ZZBDX4T,Trump News,"Alexa, open Trump News"
B074HDZ5HP,Trump Terms,"Alexa, open trump terms"
B01DJQ1UXW,Trump Thoughts,"Alexa, open Trump Thoughts."
B07GSYW3S7,Text To Voice,"Alexa, open TTV"
B0B2BQKQ33,TuneIn Download,"Alexa, Open TuneIn download"
B075SMLSDS,TuneIn Live,"Alexa, open TuneIn Live"
B01LFJO3M0,Twitter Reader,"Alexa, open Twitter"
B07Y2K3PLT,Uforia,"Alexa, open Uforia”"
B0711DQZZS,Sleep Sounds: Underwater Sounds,"Alexa, open Underwater Sounds"
B078T29ZMY,Stargate- Unscheduled offworld activation!,"Alexa, open unscheduled offworld activation”"
B07RQQZ34J,Urgent.ly,"Alexa, Open Urgently."
B01N13K4CH,My Fact Skill,"Alexa, Open Uterus Nerd"
B075QW214M,Sleep Sounds: Vacuum Sounds,"Alexa, open Vacuum Sounds"
B077QNTJ4Z,Vintage Radio,"Alexa, Open Vintage radio"
B0763K7NKF,Voice Pad (Dictation),"Alexa, open Voice Pad"
B07L5Y236N,Volley FM,"Alexa, open Volley FM"
B075M1Q7BT,Vroom,"Alexa, open Vroom."
B07MG98QLK,Vyncs,"Alexa, open Vyncs."
B075SMH8TJ,WBAP,"Alexa, open w. b. a. p."
B075SKWMZH,WLS-AM 890,"Alexa, open w. l. s."
B078JR9JQW,106.7 WTLC,"Alexa, open w. t. l. c."
B07KZZYDBN,WTMJ,"Alexa, open W. T. M. J."
B07J42ZDJW,Walmart Stories,"Alexa, open Walmart Stories"
B07JN65KJC,Star Trek Warp Core: Relaxing in the Engine Room,"Alexa, open Warp Core”"
B075W6WW4K,Washing Machine Sounds by Sleep Jar®,"Alexa, open Washing Machine Sounds"
B01N2IDHFF,The Washington Post,"Alexa, open Washington Post"
B07CMTYCV6,Ambient Visions: Waterfall,"Alexa, open Waterfall"
B075TV17Y7,Waterfall Sounds by Sleep Jar®,"Alexa, open Waterfall Sounds"
B0722QPWBB,Sleep Sounds: Waterfall Sounds,"Alexa, open Waterfall Sounds"
B078XMCVLW,Weather Girl,"Alexa, open weather girl”"
B01MRM361G,WebMD,"Alexa, open WebMD"
B079HBYTLS,Westwood One Sports,"Alexa, open westwood one sports"
B077JK2CBL,What should I draw?,"Alexa, open what should i draw"
B0716L83J6,Sleep Sounds: White Noise,"Alexa, open White Noise"
B075977QQY,White Noise by Sleep Jar®,"Alexa, open White Noise"
B07NRYKS9P,Empowered Identity,"Alexa, open Who am I"
B0867S7HRT,Whose Turn,"Alexa, open whose turn"
B071HDNM4S,Sleep Sounds: Wind Chimes,"Alexa, open Wind Chimes"
B0756V9CYL,Wind Sounds by Sleep Jar®,"Alexa, open Wind Sounds"
B08DHQNC1X,Sleep Sounds: Windy Rain,"Alexa, open windy rain"
B07CLH4WF3,Wine Finder,"Alexa, open wine finder"
B075WQX8RN,Sleep Sounds: Wolf Sounds,"Alexa, open Wolf Sounds"
B075WP9YST,Sleep Sounds: Womb Sounds,"Alexa, open Womb Sounds"
B07MZP87D9,wopet feeder,"Alexa, open wopet feeder"
B075LX4S69,WXPN,"Alexa, open WXPN."
B07L9X15C7,Yahoo Finance Daily,"Alexa, open Yahoo Finance Daily"
B01NAYVP32,Yiddish Dictionary,"Alexa, open Yiddish Dictionary"
B01N0DD920,Yo Mama Jokes,"Alexa, open yo mama jokes"
B07CRFFLZ7,Yo Mama Jokes,"Alexa, open yo mama jokes and give me a fat mama joke"
B0736DG4JM,Yoga Studio,"Alexa, open Yoga Studio and start for 30 minutes"
B07LDPWGB1,YouVersion Kids Bible,"Alexa, open YouVersion Kids Bible"
B01MS4ODCJ,TP-Link Router,"Alexa, pause the PlayStation Wi-Fi for 20 minutes"
B07F8KDJ5Q,94.9 HOM,"Alexa, play 94.9 HOM”"
B06XYTWTX9,Alexa Prize,"Alexa, play arena game"
B082PK2JY3,Aum Mantra,"Alexa, play aum mantra”"
B07KRR5RB5,Pinkfong Baby Shark,"Alexa, play Baby Shark"
B07771VD55,BBN Radio,"Alexa, play BBN Radio"
B078T1XYDT,Be Creepy,"Alexa, play Be Creepy"
B07KK5VKD2,TIDAL,"Alexa, Play Beyoncé on TIDAL"
B07QQ26512,Big Fart,"Alexa, play big fart."
B0751LPMB2,Boston Public Radio,"Alexa, play Boston Public Radio."
B0759MWP39,Star Trek - Bridge Sounds,"Alexa, play Bridge Sounds"
B082CX1Q4G,Relaxing Sleep Sounds: Brown Noise,"Alexa, play brown noise"
B07BM8WL41,CBS News: Live Breaking News,"Alexa, play C. B. S. News"
B07SNP2BJM,Calm My Pet,"Alexa, play calm my pet"
B07KKFLWYW,Campfire Sounds,"Alexa, play Campfire Sounds"
B076Z84PYL,Catfish 100.1,"Alexa, play Catfish”"
B07MC6TDHY,Chaos 911,"Alexa, play Chaos nine one one"
B07FF2QGXW,Charles Stanley Radio,"Alexa, play Charles Stanley Radio"
B076V3LNBY,Christian Music,"Alexa, play Christian Music"
B077LFL8R4,Church Hymns,"Alexa, play Church Hymns"
B01LM4SYHI,Classical Study Music,"Alexa, play Classical Study Music"
B082BGZG15,Apple Podcasts,"Alexa, play Conan O’Brien Needs A Friend on Apple Podcasts"
B074Q3RWYF,Country Legends 97.1 Radio Station,"Alexa, play country legends."
B074JJTX9H,Faith Talk Tampa,"Alexa, play Faith Talk Tampa"
B09TB7XPCP,GenX FM,"Alexa, play GenX FM!”"
B079WMSDRM,"Goodnight, Sleep Tight","Alexa, play Goodnight, Sleep Tight"
B075ZLWLJP,97.9 WGRD,"Alexa, play GRD”"
B075WG4H1K,Relaxing Sounds: Gregorian Chants,"Alexa, Play Gregorian Chants"
B01N8TOMI9,Hardcore History,"Alexa, play Hardcore History"
B07BFD9HH4,Hit Music 80s,"Alexa, play hit music eighties radio"
B06X9NK3KD,SiriusXM,"Alexa, play Howard 100 on SiriusXM"
B078BN7456,Libratone,"Alexa, play in the living room"
B08NDD6TWZ,Sound Stream,"Alexa, play Jazz from Sound Stream"
B074RDNRTY,JioSaavn,"Alexa, play JioSaavn"
B0763DW731,"News/Talk 95.1 & 790, KFYO","Alexa, play K F Y O”"
B076B9B37J,KCRW,"Alexa, play KCRW."
B075NQCDGB,NewsTalk 96.5 KPEL,"Alexa, play KPEL”"
B073VS4MPG,KQZR The Reel - Classic Rock,"Alexa, play KQZR The Reel"
B08LVTF4TD,Meditation Music,"Alexa, play meditation music"
B0775FDC2N,Today’s Best Mix - Mix 92-5,"Alexa, play Mix 92.5”"
B07LCQ5JT7,Apple Music,"Alexa, play music by Bebe Rexha on Apple Music"
B08C6SH2BY,Multi-Room Music,"Alexa, play music everywhere."
B072ML3N6K,Sonos,"Alexa, play music for meditation in the bedroom"
B07KGHRRZY,iHeartRadio Family,"Alexa, play music from iHeartRadio Family"
B075WFZTFP,Relaxing Sounds: Music Of Peace,"Alexa, Play Music of Peace"
B08NSXFB4H,Napster,"Alexa, play music on Napster"
B07GVVC32B,Vevo,"Alexa, play music videos"
B01N7OFW82,Musical Chairs,"Alexa, play Musical Chairs"
B078QCS17S,Today Daily Devotional,"Alexa, play my devotional."
B07NSYYVY1,Daily Almanac Flash Briefing,"Alexa, play my Flash Briefing"
B07QVQB8RR,FOX 35 Orlando,"Alexa, play my Flash Briefing"
B06XDTL3JT,Fox Business,"Alexa, play my Flash Briefing"
B0787NR4Z8,Examining the Scriptures Daily,"Alexa, play my Flash Briefing"
B071JYYR8J,JW.ORG What's New,"Alexa, play my Flash Briefing"
B01M7XW5MX,Minute Meditation,"Alexa, play my Flash Briefing"
B08MZ59W3T,Shema,"Alexa, play my Flash Briefing"
B09YHNRGDV,Gemini Daily Horoscope,"Alexa, play my Flash Briefing"
B01LZ5KS39,WXYZ 7 Action News in Detroit,"Alexa, play my Flash Briefing"
B01N0ZM2JB,WSAZ News,"Alexa, play my Flash Briefing"
B01JHK4I0G,CNN Flash Briefing,"Alexa, play my Flash Briefing"
B01JHLMNWU,The World in Brief from The Economist,"Alexa, play my Flash Briefing"
B01N7QXKDJ,WKYT News,"Alexa, play my Flash Briefing"
B06ZYHYMQX,FOX 5 Atlanta,"Alexa, play my Flash Briefing"
B01MSAK40L,"Top Stories from WESH News in Orlando, Florida","Alexa, play my Flash Briefing"
B074HJ188X,Live 5 News,"Alexa, play my Flash Briefing"
B075KGS5VZ,FOX5 Vegas,"Alexa, play my Flash Briefing"
B075V98T3T,FOX10 News,"Alexa, play my Flash Briefing"
B072JZHYJM,Reuters Audio News Briefing (US),"Alexa, play my Flash Briefing"
B07481FHMF,Hawaii News Now,"Alexa, play my Flash Briefing"
B0748235PB,NewsChannel 10,"Alexa, play my Flash Briefing"
B0742J1FNW,Richmond Times-Dispatch,"Alexa, play my Flash Briefing"
B01MQNEGAS,Arizona Daily Star,"Alexa, play my Flash Briefing"
B01KYOAT7A,CNET News,"Alexa, play my Flash Briefing"
B076KR9YM3,FOX 13 Tampa Bay,"Alexa, play my Flash Briefing"
B075RHZ2H2,CBS46 News Atlanta,"Alexa, play my Flash Briefing"
B075FC756G,KCTV5 Kansas City News,"Alexa, play my Flash Briefing"
B07B65S7B1,WBNG Daily News Headlines,"Alexa, play my Flash Briefing"
B01MU9EJUH,KCRG News,"Alexa, play my Flash Briefing"
B076JH4H55,Toronto Star,"Alexa, play my Flash Briefing"
B01N9QDSI2,TV6 & FOX UP - WLUC News,"Alexa, play my Flash Briefing"
B0733ML2C5,10TV News,"Alexa, play my Flash Briefing"
B075Z5WM4B,Global News Calgary,"Alexa, play my Flash Briefing"
B01N1MTU0I,Reuters Audio News Briefing (US),"Alexa, play my Flash Briefing"
B074HFNRRS,WIS News 10,"Alexa, play my Flash Briefing"
B074XFTCMJ,FOX 12 Oregon,"Alexa, play my Flash Briefing"
B077KHL9GJ,980CFPL,"Alexa, play my Flash Briefing"
B06XNNBRC5,What’s New With WIRED,"Alexa, play my Flash Briefing"
B01LZHB7UV,KNXV ABC15 Arizona in Phoenix,"Alexa, play my Flash Briefing"
B08PBN58V9,IEEE Spectrum (unofficial),"Alexa, play my Flash Briefing"
B075V81QZC,WFSB-TV Channel 3,"Alexa, play my Flash Briefing"
B08B8TWVC2,Marketplace Minute,"Alexa, play my Flash Briefing"
B0899J1KZZ,The Portugal News,"Alexa, play my Flash Briefing"
B074P73JKL,KOLD NEWS 13,"Alexa, play my Flash Briefing"
B075V95G1Y,Western Mass News,"Alexa, play my Flash Briefing"
B07CJ64LDD,WSVN,"Alexa, play my Flash Briefing"
B075V8Z85M,KMOV News 4,"Alexa, play my Flash Briefing"
B075H1KJT5,Global News Science,"Alexa, play my Flash Briefing"
B08M641WNX,A Shot of Confidence,"Alexa, play my Flash Briefing"
B0733M6H17,10TV Weather,"Alexa, play my Flash Briefing"
B08C6TZ1R9,News Flash Briefing,"Alexa, play my Flash Briefing."
B077K659KM,Deezer,"Alexa, play my Flow on Deezer"
B07NBNJMSL,K99,"Alexa, play New Country Ninety Nine One”"
B076HVLB2S,New Jersey 101.5,"Alexa, play New Jersey 101 5”"
B07D3YSBFX,Newstalk,"Alexa, play News talk"
B0767QT2S7,NewsTalk 96.3 FM and 1290 AM,"Alexa, play NewsTalk 1290”"
B084GP9QZW,KQMS,"Alexa, play newstalk KQMS”"
B074Q3CRYM,97.1 The River Radio Station,"Alexa, play ninety seven one the river."
B0788Z3W4H,NPR,"Alexa, play NPR"
B081YKLB2J,Relaxing Sleep Sounds: Ocean Sounds,"Alexa, play Ocean Sounds"
B074Q3H96R,105.5 The Dove Radio Station,"Alexa, play one oh five point five the dove."
B082X11TMF,LiveOne,"Alexa, play pop on Slacker"
B081YRB8KR,Relaxing Sleep Sounds: Rain Sounds,"Alexa, play Rain Sounds"
B0763JWD38,Relaxing Sounds: Relaxing Jazz,"Alexa, Play Relaxing Jazz"
B07KKCDQB9,710 KURV,"Alexa, play seven ten k. u. r. v."
B07MV5QJHZ,Calm Radio,"Alexa, play solo piano and guitar on Calm Radio”"
B07978G5WP,Bose,"Alexa, play some jazz in the kitchen."
B075WG2K56,Relaxing Sounds: Spa Music,"Alexa, Play Spa Music"
B07FK56GVY,Spotify,"Alexa, Play Spotify"
B07L5KNPKS,Dash Radio,"Alexa, play station Dash X on Dash Radio"
B08JLST6K8,Suspense Radio USA,"Alexa, play Suspense Radio USA"
B07JBQZCRB,Pandora,"Alexa, play Sway’s Interviews Podcast on Pandora"
B07WTSYG3G,That 70s Channel,"Alexa, play That Seventies Channel"
B074JJ4GTS,The Answer Dallas,"Alexa, play The Answer Dallas"
B0756X5XJ2,HEOS Home Entertainment,"Alexa, play The Beatles on Kitchen"
B08L5GBYFJ,Audible,"Alexa, play The Butterfly Effect podcast on Audible"
B01N8TMZAK,The Dave Ramsey Show,"Alexa, play The Dave Ramsey Show"
B0779D13TG,103.7 The Hawk,"Alexa, play The Hawk”"
B081K9D9JB,Tubi,"Alexa, play The Masked Singer"
B075FHGYNL,The Mike Gallagher Show,"Alexa, play The Mike Gallagher Show"
B089CJT8J4,The Moose Bozeman,"Alexa, play The Moose Bozeman”"
B08C6MCV4M,News Channels,"Alexa, play the news."
B07HMK2723,The Song That Never Ends,"Alexa, play the song that never ends”"
B01MRHUNYY,The Tim Ferriss Show,"Alexa, play The Tim Ferriss Show"
B074JG51HS,The Word Pittsburgh,"Alexa, play The Word Pittsburgh"
B081YLXH3W,Relaxing Sleep Sounds: Thunderstorm Sounds,"Alexa, play thunderstorm Sounds"
B07F7VTKXR,Audacy,"Alexa, play W-F-A-N"
B08C6CFPND,WDBO Radio Station,"Alexa, play w. d. b. o.”"
B074JGT86V,W.F.I.L.,"Alexa, play w. f. i. l."
B074Q3CT5C,95.5 WSB Radio Station,"Alexa, play w. s. b.”"
B07K6Q6HNF,Waterfall Sounds,"Alexa, play Waterfall Sounds"
B07KXV9GK8,107.7 WGNA - Albany's #1 For New Country,"Alexa, play WGNA”"
B06XRQF379,Relaxing Sounds: White Noise,"Alexa, Play White Noise"
B075ZMWH19,Lansing’s Big Talker 1240 WJIM,"Alexa, play WJIM”"
B07BNVFZZR,YourClassical,"Alexa, play YourClassical"
B074YJRMYG,Yucky Sounds,"Alexa, Play Yucky Sound"
B0842B8V2Z,iHeartRadio,"Alexa, play z. one hundred"
B0753LVMSP,Zoomer Radio,"Alexa, play Zoomer Radio"
B07NP51B9T,Noticias Telemundo,"Alexa, pon el Flash Briefing"
B07NNXYZSM,El Universal,"Alexa, pon el Flash Briefing"
B07RP4F2CL,Últimas noticias de CNN en Español,"Alexa, pon el Flash Briefing"
B08C3685NC,Noticias RPC Radio,"Alexa, pon el Flash Briefing"
B08FXQKV3M,Noticias Costa Rica,"Alexa, pon el Flash Briefing"
B0853CZL48,RC Noticias con Roberto Cavada,"Alexa, pon el Flash Briefing"
B08F21STKZ,Glosas de Flor Mizrachi,"Alexa, pon el Flash Briefing"
B07RM6RYNR,El clima,"Alexa, pon el Flash Briefing"
B08S2VW8BC,Noticias de América TV,"Alexa, pon el Resumen de noticias"
B085CMLTSY,Diario Libre,"Alexa, pon el Resumen de noticias"
B08S25GXQ4,Noticias T13,"Alexa, pon el Resumen de noticias"
B07NSSS7QQ,SmartHVAC,"Alexa, Power on the Bedroom."
B077LYZ4JJ,Pull My Finger,"Alexa, Pull My Finger"
B079G11NGS,Purring Cat,"Alexa, purring cat."
B07531KRQ1,Star Trek - Red Alert!,"Alexa, Red Alert"
B07FVH45WS,Away Mode,"Alexa, run Away Mode.”"
B0754T8893,Joke - Surprise Scream Prank!,"Alexa, scream prank"
B07H2M19KQ,Send Me a Sample,"Alexa, Send Me a Sample"
B01JP8EOCW,Resideo (formerly Honeywell Home),"Alexa, set Downstairs temperature to 72."
B01HCB4Y5Q,Honeywell Home Total Connect Comfort,"Alexa, set Downstairs temperature to 72."
B01F6D3ZHU,Big Ass Fans,"Alexa, set Family Room fan to 20%"
B08PC16TL8,Carrier Infinity® Touch Control 2020,"Alexa, set Home to 70 degrees"
B079X3JL45,EcoNet,"Alexa, set home to heat"
B077GCRH7M,Automate Shades,"Alexa, set Living Room Shade to 22 percent"
B07B9JGWT5,Hx™ Thermostat,"Alexa, set living room to 72 degrees"
B08HFWDKTM,Greenlite,"Alexa, set Living Room to 73 degrees."
B01M4IB27W,Geeni,"Alexa, set living room to green"
B01IFDQLLA,Carrier Côr Thermostat Control,"Alexa, set My Home to 72 degrees"
B01IFDQ97Q,Bryant Housewise Thermostat Control,"Alexa, set My Home to 72 degrees"
B07RDB7KQN,Daikin One Smart Thermostat,"Alexa, set my Kitchen temperature to 75 degrees."
B06XMQDD6H,SmartHQ,"Alexa, set the air conditioner to 72 degrees"
B07NS2NXNZ,ukoke smart,"Alexa, set the Air-Condition temperature to 25 degrees."
B07X1B2RVF,The Shade Store V2,"Alexa, set the Bedroom shade to 50%"
B01EIQ3P08,ecobee,"Alexa, set the bedroom to 72 degrees"
B01E7FZA5S,Alarm.com Smart Home,"Alexa, set the bedroom to 72 degrees."
B07VGB4TWP,Google Nest,"Alexa, set the dining room to 68."
B098XF1CL8,Mila,"Alexa, set the fan speed to Minimum on the Bedroom Mila"
B01EIQVFFA,Lutron,"Alexa, set the living room lights to 80 percent"
B07DQNK5P2,Toucan,"Alexa, set the living room to blue"
B07HR94QZT,Zen Thermostat – WiFi Edition,"Alexa, set the thermostat temperature to 74 degrees"
B01LWK38QD,Hive,"Alexa, set the thermostat to 68 degrees"
B07D3DGRWW,GLAS,"Alexa, set the Thermostat to 72 degrees"
B071VZWGXL,Lennox iComfort S30 and E30,"Alexa, set Thermostat temperature to 72"
B078KLZL1R,FB Smart Home,"Alexa, set Thermostat to 22 degrees"
B07L9W8RTZ,TCL Assistant,"Alexa, set volume to 20 on Bedroom TV"
B07C7WTDY8,Mi Home,"Alexa, show camera."
B09TDJ7DTP,OKAM,"Alexa, show camera”"
B079GDR9P9,VIZIO SmartCast,"Alexa, show comedy movies on Smartcast"
B06X41Y9JP,zmodo,"Alexa, show front door camera."
B085NJWD1P,zosi smart,"Alexa, show me bedroom camera"
B07H9QJMJ1,Dophigo,"Alexa, show me front door"
B07V3MLQ87,Nanit Show,"Alexa, show me Sara”"
B071XHC4VX,EZVIZ,"Alexa, show me the baby room"
B09DS3XV4C,VicoHome,"Alexa, show me the camera"
B07B6BSPY4,Blink SmartHome,"Alexa, show me the driveway camera."
B083VZL26B,Ubox,"Alexa, show me the front door"
B07MJKLFYL,EufySecurity,"Alexa, show me the front door."
B074MR489M,YI Home Camera,"Alexa, show me the room camera"
B08C6GXLKG,Show my Facebook Photos,"Alexa, show my Facebook photos"
B07F5LRPGX,Remo+ Show,"Alexa, show my front door camera"
B07NQDZS5D,Wansview,"Alexa, show my front door."
B075YRHSWS,Netvue Live Video,"Alexa, show my living room"
B08KRFT6DD,Amazon Photos,"Alexa, show my photos"
B07FSMB8JJ,mipc,"Alexa, show office."
B01M0VSEAZ,Arlo,"Alexa, show the backyard"
B089YQ47FY,Cloudedge,"Alexa, show the camera"
B0B2S77ZFD,ANRAN,"Alexa, show the camera"
B0963M9LRR,EseeCloud,"Alexa, show the camera"
B07X84VQTB,Netsee Camera,"Alexa, show the door camera"
B07WWX6P3Z,Jawa camera,"Alexa, show the door camera"
B07FDLLQ93,Tosee Plus,"Alexa, show the doorbell”"
B07CG9Y7X2,Panasonic HomeHawk,"Alexa, show the entrance camera"
B07ZPXDLJT,Amcrest Smart Home,"Alexa, show the front door"
B07FKZD276,Wyze,"Alexa, Show the front door camera"
B07P462R7T,Reolink Smart Home,"Alexa, show the front door camera."
B07QQRK352,Swann Security,"Alexa, show the front door."
B079MHG2SH,Canary,"Alexa, show the front door."
B079P7DZ4D,Monocle RTSP/RTP IP Cameras,"Alexa, show the nursery."
B09N4461LQ,OSAIO,"Alexa, show the office camera"
B07PRSFKFC,Lorex Home,"Alexa, show the Office camera"
B0821GPX6T,Nooie,"Alexa, show the office camera"
B08L3FDRK9,TECKIN CAM,"Alexa, show the office camera"
B07Q64SJGX,YI Iot Camera,"Alexa, show the room camera"
B08T63JG3B,Kami Doorbell,"Alexa, show the room doorbell"
B0791BFH6X,Shush my baby,"Alexa, shush my baby"
B018WUNBE6,7-Minute Workout,"Alexa, start 7 Minute Workout."
B01MSUOLTA,Allstate,"Alexa, Start Allstate"
B078XMKZBV,Bedtime stories,"Alexa, start bedtime stories”"
B01EUH7XIK,Bernie Geek,"Alexa, start bernie geek"
B079WLZ9RP,The Best Fireplace Sounds,"Alexa, start best fireplace sounds"
B079MFXX44,The Best Rain Sounds,"Alexa, start best rain sounds"
B079RBQJQ7,The Best Thunderstorm Sounds,"Alexa, start best thunderstorm sounds"
B01KESY6FW,Bible Quiz,"Alexa, start bible quiz"
B07JFMXF7V,Bible Verse of the Day,"Alexa, start Bible verse"
B079Z232PZ,Brain Workout,"Alexa, start Brain Workout"
B082MPFNXP,Breath | Prana Breathing Exercises,"Alexa, start breathing exercises”"
B074ZKWHNQ,CKNW,"Alexa, start c. k. n. w."
B07GZ11RGR,Canon Inkjet Printer,"Alexa, start Canon printer and print one coloring page for a child."
B07D433YQ2,Cat Translator,"Alexa, start cat translator and tell my cat lets play"
B073YG6GV8,CenturyLink,"Alexa, start CenturyLink.”"
B07B2VP8GM,Chillout Music,"Alexa, start Chillout Music"
B079WCGTKX,Chompers,"Alexa, start Chompers from Gimlet”"
B078GNK56Z,Coffee shop,"Alexa, start coffee shop"
B098F7RSMF,Cool Koala - Bedtime Meditations for Kids,"Alexa, start Cool Koala”"
B0728J3G89,Counting sheep,"Alexa, start Counting Sheep"
B078W287SN,Creation Station for Kids,"Alexa, start creation station"
B07B7CR6RL,Brahma Kumaris Murli,"Alexa, start daily murli"
B07C8FSTFP,Endel,"Alexa, start Endel"
B078T1ZV8K,Epoch Time,"Alexa, start epoch time"
B07B48XSSX,"Fit Pro - Yoga / Workout Timer, Charts, Sessions","Alexa, start fit pro"
B078WWH1TY,Ambient Visions: Flight Simulator,"Alexa, start flight simulator"
B078SKNBS5,Geography Genius,"Alexa, start Geography Genius"
B07Z4RBYWZ,Happy Halloween,"Alexa, start Happy Halloween"
B01N6L7MVZ,Hawaii Facts,"Alexa, start hawaii fact"
B0763JBV5B,Relaxing Sounds: Hawaiian Music,"Alexa, Start Hawaiian Music"
B07ZJRW9DM,An Italian Word,"Alexa, start italian word”"
B073N7NVB9,July Fireworks,"Alexa, start july fireworks"
B078438MGR,Lava floor,"Alexa, start lava floor”"
B01J79ZD1K,Meal Ideas,"Alexa, start meal ideas."
B076HC5CC8,Alexa for Zoom Rooms,"Alexa, start meeting"
B077MN8J8N,RingCentral Meeting,"Alexa, start meeting"
B073FRWNZL,My ABC,"Alexa, start my a. b. c."
B07M59FGL9,Home Connect Coffee Machine,"Alexa, start My Coffee Machine."
B074XGLD4V,INFINITI,"Alexa, start my Q50"
B01KWW0XEI,Naughty Dice,"Alexa, start Naughty Dice"
B07CQF46CF,Neck Relax,"Alexa, start neck relax.”"
B0855LZQQ2,newsmax,"Alexa, start newsmax."
B07YPY7Q8K,Old Time Radio v2,"Alexa, start Old Time Radio"
B07M83YTFY,pet-u feeder,"Alexa, start pet u. feeder"
B01L18OU78,Reagan Quotes,"Alexa, start Reagan quotes"
B074H2T487,Scary Sounds,"Alexa, start scary sounds"
B06XG5XDH7,Sero,"Alexa, start Sero."
B07LB2XJPT,Simple Translator,"Alexa, start Simple Translator.”"
B06XZRTW78,Sing song,"Alexa, start sing song"
B073X5CZLD,The SpongeBob Challenge,"Alexa, start SpongeBob Challenge"
B076GZ4CR3,Spooky Halloween Sounds,"Alexa, start Spooky Halloween Sounds"
B0745BNFRL,Stop watch Deluxe,"Alexa, start Stop watch."
B074XF7F68,Stopwatch,"Alexa, start stopwatch"
B07HFZ35JT,Text Reminders,"Alexa, start text reminders"
B01N388881,The Optimistic Pineapple,"Alexa, start the optimistic pineapple"
B07NPMS7VP,Voice of America (VOA) Somali,"Alexa, start V. O. A. Somali."
B088H588PM,verso surgery,"Alexa, start verso surgery."
B076HHCYZ9,Virtual Obama,"Alexa, start Virtual Obama"
B07SNBSYKR,Vocabulary Trainer,"Alexa, start vocabulary trainer”"
B01MUGOGXL,Voice Metrics,"Alexa, Start Voice Metrics"
B01N9PZ41N,Weight Loss Wizard,"Alexa, start Weight Loss Wizard"
B084WWRS98,Yale Home,"Alexa, start Yale Home."
B08JV9RT7H,Virtual Smart Home,"Alexa, switch off my virtual device"
B01E2DTXVC,Artie,"Alexa, talk to Artie"
B01MSK0GFN,Glad Leftovers,"Alexa, talk to Glad Leftovers"
B0775S213C,Momma Llama,"Alexa, talk to Momma Llama"
B06XYY88NB,Teach Me,"Alexa, Teach Me"
B07B6DD7P7,Affirmation Pod,"Alexa, tell Affirmation Pod to play the newest episode"
B01DOP9H2O,Alarm.com,"Alexa, tell Alarm Dot Com to turn on the lights"
B07ZH9SX1K,Slomins,"Alexa, tell alarm oh to arm away"
B0732QYX3M,Baby Tracker,"Alexa, tell BabyTracker my due date is August 24th."
B01AKXKPME,Bean Jar - family rewards system,"Alexa, tell Bean Jar to add ten points to Gryffindor"
B07B6CDFT7,Best of the Left Podcast,"Alexa, tell Best of the Left to play the newest episode"
B01M9H2JCK,Hyundai Blue Link,"Alexa, tell Blue Link to start my Sonata and set the temperature to 72 degrees."
B07BJH5Z1B,Budget Bot,"Alexa, tell Budget Bot that I bought textbooks for fifty dollars."
B07857VKNH,Caavo,"Alexa, tell Caavo to watch CNN"
B073W28QGF,Calorie Tracker,"Alexa, tell Calorie Tracker to add 150 calories"
B019YP4I9U,Capital Quiz,"Alexa, tell Capital Quiz to start practicing"
B073DCRSWD,ChalkTalk,"Alexa, tell chalk talk to send a message"
B01KKTMCHY,Coin Flip,"Alexa, tell coin flip to flip a coin"
B07D7JFV63,Congressional Dish,"Alexa, tell Congressional Dish to play the newest episode"
B08T9TMPSN,Rinnai control•r 2.0,"Alexa, Tell control r I need hot water"
B01NAXS3ZB,CPI Security inTouch,"Alexa, tell CPI to turn on the lights"
B01D8C095W,Therapist,"Alexa, tell Eliza that I am sad"
B01F9467IK,Track by Nutritionix,"Alexa, tell food tracker to log a glass of milk"
B01N0W6HIE,Frontpoint,"Alexa, tell Front Point to turn on the lights"
B07L1S1S2V,Furbo Dog Camera,"Alexa, tell Furbo to toss a treat"
B079NT63F3,Game Score,"Alexa, tell Game Score to give Susan 3 points."
B017OBI3AQ,Garageio,"Alexa, Tell Garageio to close my door"
B01JXP09PI,Genesis,"Alexa, tell Genesis to start my Genesis 90 and set the temperature to 72 degrees."
B06XRCVST2,Guardian Protection Services,"Alexa, tell Guardian to turn on the lights"
B088GVDHNZ,Hatch,"Alexa, tell Hatch to turn on my Rest Plus."
B07XTNQ8PC,"Food, Weight, and Water Health Tracker for Fitbit","Alexa, tell health tracker I ate a bowl of cheerios, two slices of bacon, and a glass of orange juice for breakfast"
B06Y1B82Y3,JennAir Connected Ovens,"Alexa, tell JennAir to preheat the oven."
B09NLZDW7S,Kia,"Alexa, tell Kia to start my car and set climate control to seventy degrees"
B07L9Y229C,morgan freeman facts,"Alexa, tell morgan freeman facts I want a fact."
B06X6GZDP4,Mr. Butler,"Alexa, tell Mr Butler that I put my wallet in my backpack."
B07G34R914,My Dog,"Alexa, tell my dog he's a good boy"
B093HJ5WG2,Bryant Evolution® System Control,"Alexa, tell MyEvolution to set my thermostat to 72"
B093HJG4QQ,Carrier Infinity® System Control,"Alexa, tell MyInfinity to set my thermostat to 72"
B079RLVTQ3,MySmartBlinds,"Alexa, tell MySmartBlinds to open"
B084KJGGMN,Razer Synapse,"Alexa, tell Razer to change Chroma lighting to green"
B07BHVS5J5,Recovered Podcast,"Alexa, tell Recovered Podcast to play the newest episode"
B073PM3L21,RuPaul quotes,"Alexa, tell RuPaul quotes to be a shady queen"
B01M6ZNLBA,Samsung Smart Home - Complete,"Alexa, tell Samsung to turn on robot vacuum"
B07C12WM49,Slacker Radio,"Alexa, tell Slacker Radio to play Today's Hits."
B01DWNIYTU,SmartLink,"Alexa, tell Smart Link to arm to away mode"
B072NZRSMH,Smart TV Remote,"Alexa, tell Smart Remote to turn on my TV"
B06XGQ78WM,SomaFM,"Alexa, tell soma f. m. to play Groove Salad."
B071WZV1HR,StoryTime,"Alexa, tell Story Time to tell me a tale"
B01HJ0BX2C,TheTemperatureInside,"Alexa, tell the temperature inside the point of sale number five"
B07F6XWN9L,Thermaltake,"Alexa, tell Thermaltake to use flow mode."
B01J0MSMNK,Nag My Kids,"Alexa, tell those kids to brush their teeth"
B073Z7DJXR,Trump Tweet Bot,"Alexa, tell Trump Tweet Bot to read Trump's latest tweet."
B01A6ACVD2,Vivint.SmartHome - Complete,"Alexa, tell Vivint to lock my doors"
B07KG3NN58,Yoga International Meditations and Relaxations,"Alexa, tell Yoga International to play a meditation"
B09CT4NKPV,OnStar Guardian,"Alexa, test emergency helpline"
B07WSR7J9B,Altice One,"Alexa, tune to channel 12."
B07J62F98X,Hulu,"Alexa, tune to ESPN on Hulu"
B07FDNYMB6,DIRECTV,"Alexa, tune to HGTV"
B07K19V22N,Modern Forms Smart Home,"Alexa, turn off Bedroom Fan"
B07CHVNTMF,Meural Canvas,"Alexa, turn off canvas"
B01NCA71CF,Kuna,"Alexa, turn off my front door light"
B0783PPX39,Dwelo Smart Home,"Alexa, turn off the bedroom light"
B07DD58XX5,Hubitat,"Alexa, turn off the kitchen lights"
B07886XNK8,Unofficial Samsung SmartTV Controller,"Alexa, turn off TV"
B073QFG2W8,Hisense Smart Air,"Alexa, turn on air conditioner"
B08T9KPCBM,TSmartLife (formerly Toshiba HA),"Alexa, turn on air purifier"
B06Y428NX9,Mi (Asia),"Alexa, turn on air purifier"
B079Q2WPCW,Blueair Smart Home Skill,"Alexa, turn on air purifier"
B086WNF7YN,EZLink,"Alexa, turn on baby room light"
B07QDR2N3W,OZOM,"Alexa, turn on bedroom"
B01HA3HAH0,Sensibo Smart Air Conditioner,"Alexa, turn on Bedroom"
B08KF65CRY,ConnectLife,"Alexa, turn on Bedroom AC"
B073GVHDL5,ihc,"Alexa, turn on bedroom lamp."
B07XTF1F5J,BroadLink,"Alexa, turn on bedroom lamp."
B071JQQNFG,KMC Smart,"Alexa, turn on bedroom lamp”"
B07PDQ1Q2B,Linkind,"Alexa, turn on bedroom light"
B0747GRGWH,Cync (the new name of C by GE),"Alexa, turn on bedroom light"
B06XDL4876,SuperConn,"Alexa, turn on bedroom light"
B01N9A5MAD,Yeelight,"Alexa, turn on bedroom light"
B07924DBDH,Feit Electric,"Alexa, turn on bedroom light"
B07HNR5H7Y,Govee Home,"Alexa, turn on bedroom light"
B07KRVSSZG,TechLife,"Alexa, turn on bedroom light."
B07B8ZB8MV,DoHome,"Alexa, turn on bedroom light."
B078S7B2FG,SwitchBot Smart,"Alexa, turn on bedroom light."
B01HBT64GG,Vivint.SmartHome - Basic,"Alexa, turn on Bedroom lights"
B01F4WFJ5Y,mydlink Home - Optimized for Smart Home,"Alexa, turn on bedroom lights”"
B0818YDCKG,bobsweep,"Alexa, turn on Bob”"
B06XZWWK7D,Config EZ,"Alexa, turn on bulb socket"
B07V7CKLMJ,birgus Smart Home,"Alexa, turn on diffuser mist"
B06XWNGRRL,WiZ Smart Home Skill,"Alexa, turn on Elixir"
B09TB1PN1T,Whale Photo,"Alexa, turn on Frame."
B07642M52J,PowerView® Scenes,"Alexa, turn on Good Morning"
B07C81DNVW,Somfy myLink Smart Home,"Alexa, turn on Good Night"
B01I9GHK40,Tuya Smart,"Alexa, turn on hallway light"
B07FZ534W5,Magic Home Lite,"Alexa, turn on hallway light"
B073GS7V77,bleSmart,"Alexa, turn on hallway light"
B01JTQCD3W,Wemo,"Alexa, turn on hallway light"
B01N1ZVI7M,Smart Life,"Alexa, turn on hallway light"
B01N4RQS4F,Vera Control,"Alexa, turn on hallway light."
B08HWJT1WD,TreatLife,"Alexa, turn on hallway light”"
B08PDR43H7,Bryant Evolution® Connex™ Control 2020,"Alexa, turn on Home"
B08D8ZC6PF,ILIFEHOME,"Alexa, turn on ILIFE robot."
B071R1TSGT,CNCT,"Alexa, turn on intelliPLUG"
B07T488B9J,Electrolux Home Comfort,"Alexa, turn on Jack."
B075Z5DJGV,Telldus,"Alexa, turn on kitchen"
B074J85BZ5,Smarter iKettle 3.0 and Coffee 2.0,"Alexa, turn on Kitchen Kettle"
B07G45KFHK,Hao Deng,"Alexa, turn on kitchen light"
B07QLWW5B9,Gosund,"Alexa, turn on kitchen light"
B072B92L7L,Koogeek Home,"Alexa, turn on kitchen light"
B078HQ513D,iotty Smart Home,"Alexa, turn on Kitchen Light"
B01HFZI9AK,Magic Home,"Alexa, turn on kitchen light"
B07CTCZZGX,Lenovo Smart Home,"Alexa, turn on kitchen light"
B01EKJX3M8,Home Control Assistant,"Alexa, turn on kitchen light"
B01LPOEHW6,Flux WiFi,"Alexa, turn on kitchen light"
B0746KJ11G,EufyHome,"Alexa, turn on Kitchen light."
B07XNCP93H,Jetstream Home,"Alexa, turn on kitchen light”"
B01J909TG2,Control4,"Alexa, turn on kitchen lights"
B074ZP22PN,ClareHome,"Alexa, turn on kitchen lights"
B07BH5BFHY,Deako,"Alexa, turn on kitchen."
B072R2G3RL,Shelly Cloud,"Alexa, turn on lamp"
B07B8T17QF,Kuled,"Alexa, turn on light"
B07KKLDQLS,Legrand Home,"Alexa, turn on light"
B0716C299L,ECO Plugs,"Alexa, turn on light"
B07C5P6MRD,HomeWizard,"Alexa, turn on light"
B086QZF56X,Tecnolite Connect,"Alexa, turn on light"
B07SJBX3HG,MyHome_Up,"Alexa, turn on light"
B01N45NYH7,Nanoleaf Smarter Series,"Alexa, turn on Light Panels."
B073N8Q7RW,Meross,"Alexa, turn on light."
B07KLY2FB8,Smart Home G4 Control,"Alexa, turn on light."
B08L3DT6Q7,UltraPro,"Alexa, turn on light.”"
B088F42M78,Cree Lighting,"Alexa, turn on light”"
B083ZB21NT,Sylvania Smart WiFi,"Alexa, turn on light”"
B082HVFLY4,Dals Connect,"Alexa, turn on light”"
B08591WT9D,eWiseHome,"Alexa, turn on light”"
B08DTQK457,Tramsmart,"Alexa, turn on light”"
B085LFDBBZ,enbrighten,"Alexa, turn on light”"
B07CTP81N8,eco4life,"Alexa, turn on light”"
B08CC834B2,Good Earth,"Alexa, turn on light”"
B08CY74L7B,Lloyds Smart,"Alexa, turn on light”"
B083GM3ZX2,XMcosy,"Alexa, turn on light”"
B07SFVXC5D,Mixtile,"Alexa, turn on lights"
B07DDKB34F,Midea Air Smart Home Skill,"Alexa, Turn on living room"
B084P6855P,EWPE Smart Home,"Alexa, turn on living room ac”"
B087NCLFJR,GREE Smart home NA,"Alexa, turn on living room ac”"
B083P28DK8,GREE Smart Home,"Alexa, turn on living room ac”"
B07BPXJM73,myTS,"Alexa, turn on Living room lamp"
B01NARVU1M,Eynio,"Alexa, turn on living room light"
B01LWAGUG7,Hue,"Alexa, turn on Living Room lights"
B07G9QJVH3,SmartRent,"Alexa, turn on living room lights."
B075XYWP5G,The Shade Store V1,"Alexa, turn on Living Room Shades"
B06X3X121G,Jinvoo Smart,"Alexa, turn on livingroom light"
B01N59UDM0,Qwikswitch smart home,"Alexa, turn on Lounge"
B01N7U5AXE,My Leviton,"Alexa, turn on master bedroom."
B07MSJMGVK,Enther Home,"Alexa, turn on my bedroom"
B078SJSKFN,eHomeLife,"Alexa, turn on my bedroom"
B09FK9CPCV,BlissHome,"Alexa, turn on my bedroom light"
B07SJ67MZC,Bond Home,"Alexa, Turn on My Fan"
B06ZXYF8P2,Hunter – SimpleConnect Smart Ceiling Fan,"Alexa, turn on my kitchen fan"
B073VQT9P4,eFamilyCloud,"Alexa, turn on my light"
B0795DP6NL,Super Warm for Smart Home,"Alexa, turn on my light"
B07JZDQ5KH,iWorld Home,"Alexa, turn on my living room light"
B07HCRR9VT,PlusMinus,"Alexa, turn on my livingroom light"
B07BXFJ645,JEEO,"Alexa, turn on my livingroom light"
B06X6HBQ9J,Smart K,"Alexa, turn on my plug"
B01JTL2PYE,Ring,"Alexa, turn on my porch light"
B01H23V0RO,iHome SmartPlug Control,"Alexa, turn on my smart plug"
B06XTQBFNP,eFamily,"Alexa, turn on my switch"
B086GTC4PS,360 smart cleaner,"Alexa, turn on mycleaner."
B0722YY4GX,WiOn,"Alexa, turn on name"
B078W199Z3,Aberto Sonorus - Android App Launching From Alexa,"Alexa, turn on Netflix"
B07CKLPNL7,kloee for SC,"Alexa, turn on office lights"
B07KM23PJH,APC Home,"Alexa, turn on outlet 1"
B07GQRBVRN,Atomi Smart,"Alexa, turn on Plug"
B07BMZWBM8,RolliCool,"Alexa, turn on plug"
B07FNFMJ64,Aqara Home,"Alexa, turn on plug"
B07W18L6Z5,SECŪR Three Sixty,"Alexa, turn on plug"
B01MU72TGV,SmartHome,"Alexa, Turn on plug”"
B07Z1SXLTG,Carro Home,"Alexa, turn on plug”"
B085VFN53N,Steren Home,"Alexa, turn on plug”"
B07C2J8997,SimplySmart Home by Switchmate,"Alexa, turn on Porch light"
B077HRVG6P,Roborock Home,"Alexa, turn on roborock"
B072N52K5Y,WeBack,"Alexa, turn on robot"
B07BBJFDCC,LG ThinQ,"Alexa, turn on robot cleaner."
B01HYC3KRQ,Samsung ARTIK Cloud Optimized for Smart Home,"Alexa, turn on Robot vacuum"
B01GZDOJOI,Samsung Smart Appliances - Basic,"Alexa, turn on robot vacuum."
B07JY9S81F,NVIDIA SHIELD TV,"Alexa, turn on SHIELD"
B07SCQNBDC,Tenda Beli,"Alexa, turn on smart plug"
B08G81PMKL,Emporia Energy,"Alexa, turn on SmartPlug"
B07FMKH5RM,SmartMotion,"Alexa, turn on Sofa Light"
B07XVBPWCK,iAquaLink,"Alexa, turn on spa"
B06ZY9KFFK,eWeLink Smart Home,"Alexa, turn on switch"
B088NJP38V,TCL Home,"Alexa, turn on tcl ac"
B083HVDLGD,Frigidaire 2.0,"Alexa, turn on the air conditioner"
B078NVT9XK,K Smart,"Alexa, turn on the bedroom lamp"
B07FRDPTP3,TOPGREENER,"Alexa, turn on the Bedroom light"
B08D2TRGZG,Hubspace,"Alexa, turn on the bedroom light"
B0796PQVZ6,Wisen,"Alexa, turn on the bedroom light"
B07D56WWGP,Energizer Connect,"Alexa, turn on the bedroom light."
B01G98LFFA,iDevices,"Alexa, turn on the Bedroom lights."
B077XT72JZ,Chome,"Alexa, turn on the bedroom socket."
B075XR1TFV,Cielo Smart Home,"Alexa, turn on the Bedroom."
B01EIQX6Y8,TP-LINK Kasa,"Alexa, turn on the coffee maker"
B07255MD6F,Avi-on Smart Home,"Alexa, turn on the coffee pot"
B01NBOTEBW,Sengled Home,"Alexa, turn on the desk lamp"
B07PGQ49HP,Yale Smart Living,"Alexa, turn on the desk lamp."
B07CNWG478,Closeli,"Alexa, turn on the door"
B08FJ85728,Fansio,"Alexa, turn on the fan”"
B07S9C27SQ,FriedrichGo,"Alexa, turn on the Friedrich air conditioner"
B08L4LXC4Q,Galaxy Lamps,"Alexa, turn on the Galaxy Lamp”"
B09VHF2X5X,Home TV,"Alexa, turn on the Home TV"
B0713QFKNQ,Vine Control,"Alexa, turn on the home."
B0772J1QKB,Home Assistant,"Alexa, turn on the kitchen light"
B07RCFQ1YZ,Monster Smart,"Alexa, turn on the kitchen light"
B01EIQOOUS,Insteon,"Alexa, turn on the kitchen light."
B01EIQSPOY,LIFX Optimized for Smart Home,"Alexa, turn on the Kitchen lights"
B073KWYYC8,Savant,"Alexa, turn on the Kitchen Lights"
B01MQ2NPA2,Crestron for Smart Home and Conference Room,"Alexa, turn on the kitchen lights"
B01LZJ8S4R,Legrand - Netatmo - BTicino,"Alexa, turn on the kitchen lights"
B071NMXSLS,VeSync,"Alexa, turn on the kitchen lights."
B01N29T72R,Brilliant - Smart Home Control,"Alexa, turn on the kitchen lights."
B078JZM5QR,MusicCast Smart Home,"Alexa, turn on the Kitchen."
B07RQXZMQ8,Legrand Lighting Control,"Alexa, turn on the kitchen."
B073ZXZ6DL,iHO,"Alexa, turn on the lamp"
B075R8G18K,Joho Smart,"Alexa, turn on the light"
B073CYKKD1,seetime,"Alexa, turn on the light"
B078NV8P7G,ORVIBO Home,"Alexa, turn on the light"
B07DQHXY26,Cloud Intelligence,"Alexa, turn on the light."
B01N326UD4,Simple Control,"Alexa, turn on the Living Room"
B07G4WJ92C,PuwellCloud,"Alexa, turn on the living room light"
B07785SPCH,Samsung Wireless Audio,"Alexa, turn on the living room."
B07G337TPS,Globe Suite,"Alexa, turn on the livingroom light."
B08S1MS7PJ,BN-LINK Smart,"Alexa, turn on the outlet.”"
B07KNMB2F9,Sub-Zero Group Connected Appliances,"Alexa, turn on the oven light."
B07NDJJWTY,Go Smart,"Alexa, turn on the Plug"
B07VQ9QK7T,LE Lampux,"Alexa, turn on the Plug”"
B01EIQYF3E,Wink,"Alexa, turn on the porch light"
B07N82RQD1,blurams,"Alexa, turn on the room"
B094R7Q782,Vont Home,"Alexa, turn on the smart light bulb"
B07PGKK416,Wake on Lan (WoL),"Alexa, turn on the TV"
B089P25HT2,Linksys Smart Home,"Alexa, turn on the Wi-Fi for Wayne's phone"
B07CQNMMKF,FGLair Smart Home,"Alexa, turn on Thermostat"
B09J8S3S1H,Dreo,"Alexa, turn on Tower fan"
B078H4P2FG,Smart TV Remote Pro,"Alexa, turn on TV"
B08TFM1Q4P,Sony's TV,"Alexa, turn on TV"
B01E7TYGFO,Yonomi,"Alexa, turn on TV Time"
B0731LJ4L9,Sony’s TV – Basic,"Alexa, turn on TV."
B07V8GFF63,Twinkly,"Alexa, turn on Twinkly"
B07H25BSCN,Xbox,"Alexa, turn on Xbox"
B0794BPX9T,Hisense Smart TV,"Alexa, turn up the volume on Hisense TV."
B0875KVMK6,SmartThings,"Alexa, turn up the volume on living room TV"
B07RT966HB,ButterflyMX,"Alexa, unlock front door"
B07CM3XNVX,ScienerSmart,"Alexa, unlock the door lock."
B075VHSBTL,Schlage Home,"Alexa, unlock the front door"
B0961942MC,Level Home,"Alexa, unlock the front door"
B06WW2XQ68,August Smart Home,"Alexa, unlock the front door."
B06ZZD73XY,Resist events,"Alexa, use Resist Events to find next event near me"
B07CND5L5M,Smart TV Voice Control,"Alexa, volume up on my TV."
B06XWJSK86,WTF Just Happened Today,"Alexa, W.T.F. Just Happened?"
B08PNHC1BD,Disney Tinker Bell,"Alexa, wake me up at 7:00 AM to disney tinker bell alarm tone"
B09HLBTX4B,Skittles Alarm,"Alexa, wake me up at 7:00 AM to skittles alarm tone"
B08RYK6WXZ,OU Insult Clock,"Alexa, what time is it?”"
B07YLC6QTM,Bill Planner,"Alexa, when is my water bill due ?"
B07YY14FS7,Camhi Camera,"Alexa,show kitchen"
B083SMZCKH,LaView,Alexa，show the camera”
B06XPG4WNS,GoKit Light,"Alexa,turn on light"
B083LG414V,CREATE HOME,"Alexa,turn on robot.”"
B09SLPJQ1S,Smart Link,"Alexa,turn on the light"
B06WW9MGCP,Geeklink,"Alexa,turn on the office light"
B08DRJLSZB,Kyvol Home,Alexa，turn on the robot”
B07PNLWFG4,ILIFE Robot,"Alexa,turn on Zaco."
B08PPD58BQ,TV Assistant,"Alexa,volume up on tv"
B083342WRB,SmartLife,"”echo,turn on the bedroom lamp."
