skill,invoke_name,skill_name,catagory
B07NT9TF23,”Alexa start general knowledge trivia”,General Knowledge Trivia,"all_newest, Games & Trivia, all_feature"
B07MCBR5JB,"”Alexa, open loop it”,”Alexa, start loop it”,”Alexa, launch loop it”",Loop It!,"all_newest, Games & Trivia, all_feature"
B09JNVH3QT,"”Alexa, open words master”",Words Master,"all_newest, Games & Trivia, all_feature"
B07BF7XL6F,"”Alexa, open Lemonade Stand”",Lemonade stand,"all_newest, Games & Trivia, all_review"
B07PWPG3DL,"”Alexa, open Best Car Sounds”,”How does a Ford G T?”,”Alexa, open Best Car Sounds and play a random car sound”",Best Car Sounds,"all_newest, Games & Trivia, Music & Audio, all_feature"
B01N47LCE6,"”Alexa, Start Computer Terminology”,”Begin another game”,”Repeat”",Computer Terminology,Games & Trivia
B07DWS8HTY,"”Alexa, play word game”,”Alexa, ask word game for guess game”,”Alexa, ask word game for scramble game”",Word Game,Games & Trivia
B07C582S6R,"”Alexa open tongue twisters and tell me a tongue twister”,”Alexa ask tongue twisters a tongue twister”,”Alexa ask tongue twisters to surprise me”",Tongue Twisters,Games & Trivia
B08PVTHNJ2,"”Alexa open Escape the School”,”Alexa launch Escape the School”",Escape the School,Games & Trivia
B071R5LV7H,"”Alexa, open WoW Lore”,”Alexa, launch WoW Lore”,”Alexa, start WoW Lore”",WoW Lore Trivia,Games & Trivia
B01N3CJ4AN,"”Alexa, ask Crafting Coach, How do i craft a furnace”,”Alexa, ask Crafting Coach, How do i craft a chest”,”Alexa, ask Crafting Coach, How do i craft a item frame”",Crafting Coach,Games & Trivia
B08V573QY9,"”Alexa open hang man.”,”Alexa launch hang man.”",Hangman,Games & Trivia
B08GXYZYDM,"”Alexa, open Los Angeles Times Crossword”",Los Angeles Times Crossword,Games & Trivia
B06XPYGXZM,"”Alexa, launch When Is Holiday”",When Is Holiday,Games & Trivia
B071KT632V,"”Alexa Play Dead or Alive”,”Alexa Open dead or alive”,”Alexa start dead or alive”",Dead or Alive,Games & Trivia
B019DA09YE,"”Alexa, ask Math Mania to play”,”Alexa, tell Math Mania to start”,”Alexa, tell Math Mania to start game”",Math Mania,Games & Trivia
B07HMYTDLL,"”Alexa, play Marauder's Map Button Edition”,”Alexa, open Marauder's Map Button Edition”,”Alexa, start Marauder's Map Button Edition!”",Marauder's Map: Button Edition,Games & Trivia
B01KJ91K5U,"”Alexa, start Audio Battleship”,”Alexa, open Audio Battleship”,”Alexa, ask Audio Battleship to start a new game”",Audio Battleship,Games & Trivia
B01ICU2L2E,"”Alexa, launch Game of Trivia”,”My answer is one”,”I don't know”",Game Of Trivia,Games & Trivia
B07DPQK6TK,"”Alexa, open interactive stories”",Interactive Stories,Games & Trivia
B073LKHFPC,"”Alexa, ask My Knowledge”,”Alexa, play My Knowledge”,”Alexa, launch My Knowledge”",My Knowledge,Games & Trivia
B01N6VK2C6,"”Alexa, ask Cube Scrambler to tell me a rubik's cube scramble”,”Alexa, ask Cube Scrambler for a scramble”,”Alexa, ask Cube Scrambler to generate a random cube scramble”",Cube Scrambler,Games & Trivia
B076DDWBVP,"”Alexa, open Sing Down”,”Alexa, launch Sing Down”,”Get started”",Sing Down,Games & Trivia
B01KKZ5TP0,"”Alexa, start Audio Hangman”,”Alexa, ask Audio Hangman to start a new game”,”Alexa, ask Audio Hangman to check letter A”",Audio Hangman,Games & Trivia
B076GC2SS2,"”Alexa Play Totally Awesome Team Trivia”,”Help”,”The answer is ...”",Totally Awesome Team Trivia,Games & Trivia
B07DW6X3XV,"”Alexa  launch lucky dice”,”Alexa open lucky dice”,”Alexa start lucky dice”",Lucky Dice,Games & Trivia
B01M0S1VOR,"”Alexa ask Poke Go Gym Helper how to beat a Pikachu”,”Tell me how to beat a Dragonite”,”What do I need to beat a Snorlax”",Poke Go Gym Helper,Games & Trivia
B01FYMWWQS,"”Alexa ask Alfa Bravo Charlie to start a game”,”my guess is Bravo”,”tell me the answer”",Alfa Bravo Charlie,Games & Trivia
B01C9E2H2I,"”Alexa, start Best Picture Oscars.”,”My answer is four.”,”Is it three?”",Best Picture Oscars The Last 30 Years,Games & Trivia
B0779F5ZDN,"”Alexa open Guess The price”,”There are two players”,”My price is 90 dollars”",Guess The Price,Games & Trivia
B075CGWG8C,"”Alexa, open potter house quiz”,”Alexa, ask potter house quiz to start a quiz”,”Alexa, ask potter house quiz for information on Merlin”",Harry Potter House Quiz,Games & Trivia
B077RMHDD1,"”Alexa, open Christmas Song Quiz”,”Start a Quiz”,”Tell me about The Christmas Song”",Christmas Song Quiz,Games & Trivia
B073TRHKFD,"”Alexa, play SciFi Quiz”,”Alexa, launch SciFi Quiz and start a quiz”,”Tell me about The Andromeda Strain”",SciFi Quiz,Games & Trivia
B0859QF8YL,"”Alexa, open Blindfold Chess”",blindfold chess,Games & Trivia
B01LW9TQ1Y,"”Alexa, open Haunted House”",Haunted House,Games & Trivia
B01JDNSRFO,"”Alexa, start eighties bands”,”Alexa, ask eighties bands to start game”,”Alexa, ask eighties bands to start”",Name that Song from the 80s,Games & Trivia
B07F1DZL2T,"”Alexa, start speak up.”",Speak Up: The Party Quiz,Games & Trivia
B075YRDJVM,"”Alexa, ask Splat Abilities what ability is on Firefin”,”Alexa, ask Splat Abilities what does Respawn Punisher do”,”Alexa, ask Splat Abilities what are common abilities”",Splatoon 2 - Brand and Ability Info [Unofficial],Games & Trivia
B01N140HOX,"”Alexa, what's my Flash Briefing?”,”Alexa, play my Flash Briefing”",Question of the Day Briefing,Games & Trivia
B07V73RQ2D,"”Alexa, open Mean Rude”,”Alexa, start Mean Rude”",Mean Rude,Games & Trivia
B09P373Z46,"”Alexa, open Pyramid”",Pyramid,Games & Trivia
B0798342K5,"”Alexa, start have you ever”,”Alexa, launch have you ever”",Have you ever,Games & Trivia
B07516N8YY,"”Alexa, Open friends trivia”,”one”,”two”",FRIENDS Trivia Game,Games & Trivia
B073NK3HMW,"”Alexa, open Lyrics Idol”,”Alexa, launch Lyrics Idol”,”Alexa, play Lyrics Idol”",Lyrics Idol,Games & Trivia
B09YMBJMFJ,"”Alexa, open my game show”,”Alexa, start my game show”",My Game Show,Games & Trivia
B01J4JA6M4,"”Alexa, open hero trivia.”,”the answer is Bruce Wayne”,”start over”",SuperHeroTrivia,Games & Trivia
B01LYRDYT4,”Alexa open movie quotes”,Movie Quotes,Games & Trivia
B01M12EP5B,"”Alexa, Start the dice game”,”roll”,”say the rules”",The Dice Game,Games & Trivia
B078592P2S,"”Alexa, open christmas movie game.”,”Start game.”,”The movie is Frosty the Snowman.”",Christmas Movie Guessing Game,Games & Trivia
B07SLVCSFS,"”Alexa, start my pizzeria”,”What is my profit?”,”What's my high score?”",My Pizzeria,Games & Trivia
B07RF7T38L,"”Alexa, open Mental Samurai.”,”Alexa, start Mental Samurai.”",Mental Samurai,Games & Trivia
B077YXNTYD,"”Alexa, ask unofficial pokedex”,”Alexa, ask unofficial pokedex what is the speed of Charmander”,”Alexa,  ask unofficial pokedex what is the type of Arcanine”",The Unofficial Pokédex,Games & Trivia
B07F99MM6J,"”Alexa, open big brother poll”,”Alexa, play big brother poll”,”Alexa, start big brother poll”",Big Brother Poll,Games & Trivia
B01MRSM0O0,"”Alexa, ask my pokedex unofficial who is that pokemon”,”Alexa, ask my pokedex unofficial to tell me the pokemon number three”",My Pokedex Unofficial,Games & Trivia
B0746HB9J1,"”Alexa Start Capital City Trivia”,”Alexa Capital City Trivia”,”Alexa Open Capital City Trivia”",Capital City Trivia,Games & Trivia
B072XH5JZJ,"”Alexa, let's play High Low Game”,”my guess is fifty seven”,”is it forty five”",High Low Game,Games & Trivia
B081756QN1,"”Alexa, launch Void Warper”",Void Warper - A sci-fi adventure game,Games & Trivia
B07QF77YR2,"”Alexa, open movie trivia game”,”Alexa, start movie trivia game”",Movie Trivia Game,Games & Trivia
B07D6NWVKW,"”Alexa, open Quiz of the Day.”,”Alexa, play Quiz of the Day.”,”Alexa, ask Quiz of the Day.”",Quiz of the Day skill for Amazon Alexa,Games & Trivia
B072KGQMDN,"”Alexa, what's my Flash Briefing?”,”Alexa, play my Flash Briefing”",Word of the Day,Games & Trivia
B0762G713Q,"”Alexa, open get new facts”,”Alexa, ask get new facts to tell me a fact.”,”Alexa, open get new facts and get me a fact.”",New facts,Games & Trivia
B07S3W1VMX,"”Alexa open beast audio”,”Alexa play beast audio”,”Alexa start beast audio”",Movie Quotes Quiz,Games & Trivia
B06XN5QW6N,"”Alexa, Start Vocabulary Master”,”Open Vocabulary Master”,”Launch Vocabulary Master”",Vocabulary Master,Games & Trivia
B07K5D5GTK,"”Alexa, open classic rock trivia”,”Alexa, start classic rock trivia”,”Alexa, ask classic rock trivia to start a game”",Classic Rock Trivia,Games & Trivia
B01HT46HTC,"”Alexa, launch Trivia Movie”,”Repeat”,”Help”",Trivia Movie Quotes,Games & Trivia
B087Z5F54N,"”Alexa, open World Geographic Quiz”,”Alexa, start World Geographic Quiz”,”Alexa, launch World Geographic Quiz”",World Geography Quiz,Games & Trivia
B076YF2BRF,"”Alexa, ask Game Guide how many Power Moons are there in Super Mario Odyssey”,”Alexa, ask Game Guide how do you make Mushroom Rice Balls in Breath of the Wild”,”Alexa, ask Game Guide How many moons are there in the Mushroom Kingdom”",Game Guide,Games & Trivia
B07RZ4L2KZ,"”Alexa, open Super Blackjack”,”bet fifty chips”,”Stand”",Super Blackjack,Games & Trivia
B071WT3SSS,"”Alexa, play 80s Movie Quote Quiz”,”Alexa, open 80s Movie Quote Quiz”",80's Movie Quote Quiz,Games & Trivia
B07CKKS7RG,"”Alexa open escape the mars”,”Alexa play escape the mars”,”Alexa start escape the mars”",Escape the Mars,Games & Trivia
B07F7S19FX,"”Alexa, play true or false”,”Alexa, open true or false”",True Or False? (For Buttons),Games & Trivia
B07JFVT423,"”Alexa, open poop trivia”,”Alexa, play poop trivia”,”Alexa, start poop trivia”",Poop Trivia with Buttons,Games & Trivia
B075HN9WSX,"”Alexa, start Recall Training”",Memory Recall Training,Games & Trivia
B07JNJY52Y,"”Alexa open bible buzz”,”Alexa start bible buzz”",Bible Buzz,Games & Trivia
B0799C2VS4,"”Alexa ask hunger games facts for a fact”,”Give me a hunger games fact”,”tell me a fact”",Hunger Games Facts,Games & Trivia
B01INS9VW8,"”Alexa Ask crafter quiz to start game”,”Sixteen is my answer”,”Is it raw chicken”",Crafter Quiz,Games & Trivia
B07W8J1GD3,"”Alexa, play finish the phrase”,”Alexa, open finish the phrase”",Finish The Phrase,Games & Trivia
B077NW527R,"”Alexa, open christmas song game.”,”Start game.”,”The song is silver bells.”",Christmas Song Guessing Game,Games & Trivia
B072M8HJ3N,"”Alexa, play Ghost Game”,”Alexa, ask Ghost Game to play”,”Alexa, open Ghost Game”",Ghost Game,Games & Trivia
B08THYMP1V,"”Alexa, open escape ultimate room”,”help”,”look at left”",escape ultimate room,Games & Trivia
B07RBDHW1T,"”Alexa, when did they die Game of Thrones”,”When did Jon Snow die?”,”Did Hodor die”",When did they die in Game of Thrones,Games & Trivia
B01N3BK6Q4,"”Alexa, play Number Sequence Game”",Number Sequence Game,Games & Trivia
B07L12Y769,"”Alexa Launch Ice Breaker Prison”,”Alexa Open Ice Breaker Prison”",Ice Breaker Prison,Games & Trivia
B0856SJ4TN,"”Alexa, open Gacha Pets”,”Alexa, start Gacha Pets”,”Alexa, launch Gacha Pets”",Gacha Pets,Games & Trivia
B074NSXZ67,"”Alexa open guess my country”,”Alexa open guess my country and let's play”,”give me a clue”",Guess my country,Games & Trivia
B07DL7TH1S,"”Alexa, open Klondike Solitaire”,”Move the Jack of Hearts to the Queen of Spades”,”Move the Ace of Hearts”",Klondike Solitaire Card Game for Echo Show,Games & Trivia
B01JVV2FBA,"”Alexa, ask League Champion what is skill of Ashe”,”Alexa, ask League Champion Ashe”,”Alexa, ask League Champion skill of Ashe”",League Champion Skill,Games & Trivia
B01KDAS7B0,"”Alexa, start my british life”",My British Life,Games & Trivia
B01N0JJEYY,"”Alexa, Open Elder Scrolls Fan Trivia”,”Alexa, Ask Elder Scrolls Fan Trivia for a new game”,”Alexa, launch Elder Scrolls Fan Trivia”",Elder Scrolls Fan Trivia,Games & Trivia
B01N1OS29W,"”Alexa start Stranger Trivia”,”please repeat the question”,”the answer is two”",Stranger Trivia,Games & Trivia
B01N1T6OKB,"”Alexa, open random trivia”,”Alexa, start random trivia”,”Alexa, launch random trivia”",random trivia,Games & Trivia
B01ESOHSLC,"”Alexa, use ping pong”,”what are my options?”,”register a new player”",PingPong Showdown,Games & Trivia
B0734HSQP2,"”Alexa, ask DM how much does a shortsword cost?”,”Alexa, ask DM  what is the range of control flames?”,”Alexa, open DM.”",Ask the DM,Games & Trivia
B07RXCVBJD,"”Alexa, open My Friend Lex”",My Friend Lex,Games & Trivia
B06XWJQCYH,"”alexa ask daily book of changes to give me a reading”,”give me a fortune”,”give me advice”",Daily I-Ching Contemplation,Games & Trivia
B07174DZSG,"”Alexa, open Drive Time Trivia”,”Repeat the last question”,”My answer is two”",Drive Time Trivia,Games & Trivia
B0743BDWYP,"”Alexa, ask Dungeon Roller to roll a d20”,”Roll best of 2d20+5”,”Roll d100-5”",Dungeon Roller,Games & Trivia
B087C95C56,"”Alexa, open Chess Maven!”",Chess Maven,Games & Trivia
B081W5NHYR,"”Alexa, open pokemon evolution fan”,”Alexa, start pokemon evolution fan”",Pokemon Evolution fan,Games & Trivia
B0719RGMCB,"”Alexa, play Sporcle”,”Choose a new category”",Sporcle Trivia,Games & Trivia
B071FZ79B7,"”Alexa, launch Finish the Showtune”,”Repeat”,”Help”",Finish the Showtune,Games & Trivia
B08VJ7KFJH,"”Alexa, play scientist escape the room eight”,”Alexa, begin scientist escape the room eight”,”Alexa, open scientist escape the room eight”",scientist escape the room 8,Games & Trivia
B0857KVN27,"”Alexa, Launch Super Quiz of the Day”,”Repeat the question”,”Is the answer, A”",Super Quiz of the Day,Games & Trivia
B074DJ897J,"”Alexa, open Unofficial Legendary Pokemon Quiz”,”Alexa, ask Unofficial Legendary Pokemon Quiz for a quiz”,”Tell me about Zapdos”",Unofficial Legendary Pokemon Quiz,Games & Trivia
B07F337Z8N,"”Alexa, launch Can you see me”,”Start Cubes”",Can You See Me,Games & Trivia
B074G2P419,"”Alexa start word connect”,”My answer is drop”",Word Connect,Games & Trivia
B07BL23DTG,"”Alexa, open Cube Solver”,”The colours on that face are red, red, red, blue, blue, blue, white, white, white”,”Alexa, ask Cube Solver to solve my cube”",Cube Solver,Games & Trivia
B07JNP89H5,"”Alexa, open texas hold'em”",Texas Hold'em Skill,Games & Trivia
B07SH6F6T8,"”Alexa, open the Daily Question”,”Alexa, play the Daily Question”,”Alexa, start the Daily Question”",The Daily Question,Games & Trivia
B077H21CN9,"”Alexa, open word explode.”,”Alexa, launch word explode.”",Word Explode,Games & Trivia
B074NGJF73,"”Alexa, open evolution guide”,”how do i evolve squirtle”,”help”",Evolution Guide for Pokemon (unofficial),Games & Trivia
B01C7XOF62,"”Alexa, Open wizard”,”my answer is one”,”help”",Quiz about Harry Potter,Games & Trivia
B07BB3CF1W,"”Alexa, open state quiz”,”the state is Maine”,”give me a hint”",US State Quiz,Games & Trivia
B073GBPP1V,"”Alexa, open riddle diddle”,”Alexa, launch riddle diddle”,”Alexa, start riddle diddle”",Riddle Diddle,Games & Trivia
B07BD22D39,"”Alexa open Word Chain Movies”,”Alexa tell Word Chain Movies to resume”,”Alexa ask Word Chain Movies for my stats”",Word Chain Movies,Games & Trivia
B074C6M6LS,"”Alexa, ask shakespeare's sonnets to give me a sonnet”,”Give me sonnet 10”,”Read sonnet 100”",Shakespeare's Sonnets,Games & Trivia
B01N9IMZTU,"”Alexa Open Chore Roulette”,”Alexa Play Chore Roulette”,”Alexa Ask Chore Roulette”",Chore Roulette,Games & Trivia
B01LXY8KPC,"”Alexa, ask Critical Fumble to roll me a fumble”,”tell Critical Fumble to give me a critical failure”,”ask Critical Fumble for a failure”",Critical Fumble,Games & Trivia
B082DZ3V31,"”Alexa, open brainiac trivia”,”Alexa, start brainiac trivia”",Brainiac Trivia,Games & Trivia
B07W13JZ3D,"”Alexa open Escape the Room 2”,”look right”,”inspect door”",Escape the Room 2,Games & Trivia
B08BR78G9D,"”Alexa, open Dungeon Frenzy”,”Alexa, talk to Dungeon Frenzy”,”Alexa, let's play Dungeon Frenzy”",Dungeon Frenzy,Games & Trivia
B06X1FWD18,"”Alexa launch Insult Sword Fighting”,”You fight like a Dairy Farmer”,”How appropriate you fight like a cow”",Insult Sword Fighting,Games & Trivia
B07C23LHJN,”Alexa open Music Quiz”,Music Quiz,Games & Trivia
B07G72DSJS,"”Alexa, open Game Suggester”,”what should I play”,”suggest a game”",Game Suggester,Games & Trivia
B08WWS2PHT,"”Alexa, launch My Loft”",My Loft,Games & Trivia
B07G6KJX6C,"”Alexa, open Spaceship Adventure”,”Give me a tutorial”,”Set a course for planet X”",Spaceship Adventure,Games & Trivia
B079G3C1SQ,"”Alexa, Open private eye”,”Start over”,”could you repeat that”",Private Eye,"Games & Trivia, all_review"
B071W3D44M,"”Alexa Open Name Letters”,”Start New Game”,”John”",Name Letters,"Games & Trivia, all_review"
B073PRW6SB,"”Alexa, play Train My Brain”,”Alexa, start Train My Brain”,”Alexa, begin Train My Brain”",Train My Brain,"Games & Trivia, all_review"
B01MT0AQUB,"”Alexa, open Math Quiz”,”Alexa do Math Quiz”,”Alexa start Math Quiz”",Math Quiz,"Games & Trivia, all_review"
B072ZVTY4P,"”Alexa ask phone q. start game”,”Alexa ask phone q. new game”,”Alexa ask phone q. for help”",world phone code trivia,"Games & Trivia, all_review"
B07JFMGTQ7,"”Alexa open science quiz”,”give me a hint”,”set a reminder”",Science Quiz,"Games & Trivia, all_review"
B074VBYT2J,"”Alexa, ask dragon queen to start a new game”,”Alexa, ask dragon queen to start a game”,”Alexa, ask dragon queen to start”",Game of Thrones Trivia,"Games & Trivia, all_review"
B01CY9TW9Y,"”Alexa, launch Trivia on Harry Potter.”,”Is it option two?”,”The answer is three.”",Trivia on Harry Potter,"Games & Trivia, all_review"
B01NA87JOE,"”Alexa who drinks”,”Alexa ask who drinks next”,”Alexa ask who drinks for help”",Who Drinks - Drinking Game,"Games & Trivia, all_review"
B079XYYYW9,"”Alexa, open Country Song Quiz”,”Alexa, start Country Song Quiz”",Country Song Quiz,"Games & Trivia, all_review"
B01H88SIVO,"”Alexa, open Potterhead”,”Alexa, start Potterhead”,”Alexa, launch Potterhead”",Potterhead Quiz,"Games & Trivia, all_review"
B07L3KGZY5,"”Alexa, open O M Trivia”",O and M Trivia,"Games & Trivia, all_review"
B071CJ1D4Z,"”Alexa open mash trivia”,”Alexa start mash trivia”,”Alexa launch mash trivia”",Mash Trivia,"Games & Trivia, all_review"
B071SF6PDW,"”Alexa, play state capitals trivia”,”Alexa, open state capitals trivia”,”Alexa, begin state capitals trivia”",State Capitals Trivia,"Games & Trivia, all_review"
B01NCPXN9L,"”Alexa play Bible Quiz”,”The answer is 2”,”Tell me the answer”",Bible Quiz - Old Testament,"Games & Trivia, all_review"
B0753YLG3Z,"”Alexa, start Gilmore Quiz”,”Alexis Bledel”,”Jess Mariano”",Gilmore Girls Quiz,"Games & Trivia, all_review"
B073YPD2KQ,"”Alexa start Spelling Quiz”,”Pass”,”Stop”",Spelling Quiz,"Games & Trivia, all_review"
B079C7KP6J,"”Alexa, stargate guess who”,”Alexa, start stargate guess who”",Stargate - Guess who?,"Games & Trivia, all_review"
B0749BWNXK,"”Alexa, start Guess My Number.”,”Alexa, open Guess My Number.”,”Alexa, launch Guess My Number.”",Guess My Number,"Games & Trivia, all_review"
B07K1FRKDS,"”Alexa, play Kingdom Hearts Trivia”,”Alexa, open Kingdom Hearts Trivia”,”Alexa, start Kingdom Hearts Trivia”",Kingdom Hearts Trivia,"Games & Trivia, all_review"
B01KSM96CW,"”Alexa, start being mean”,”Alexa, start being mean and be mean to 'Jack'”,”Alexa, resume being mean”",Meanie,"Games & Trivia, all_review"
B01JVOUQJA,"”Alexa, start eighties trivia”,”Alexa, ask eighties trivia to start game”,”Alexa, ask eighties trivia to start”",80s Trivia,"Games & Trivia, all_review"
B01N3AALR1,"”Alexa open Steam Deals”,”Alexa ask Steam Deals for the discounted games”,”Alexa ask Steam Deals for the top sellers”",Steam Deals,"Games & Trivia, all_review"
B076GYC5GB,"”Alexa, open wednesday frog”,”Alexa, ask wednesday frog is it wednesday”,”is it wednesday my dudes”",Wednesday Frog,"Games & Trivia, all_review"
B07K8P91JR,"”Alexa, when is the next credit heist in Galaxy of Heroes?”,”Alexa, what is my arena rank in Galaxy of Heroes?”,”Alexa, what day is the next BB-8 event in Galaxy of Heroes?”",SWGoH - Galaxy of Heroes,"Games & Trivia, all_review"
B01JDOZUS0,"”Alexa, open trivia time”,”Alexa, start trivia time”,”Alexa, play trivia time”",Random Trivia,"Games & Trivia, all_review"
B01MXPI8DK,"”Alexa, ask Merry Christmas for a blessing”,”Alexa, ask Merry Christmas for some cheer”,”Alexa, ask Merry Christmas for a yuletide greeting”",Merry Christmas,"Games & Trivia, all_review"
B07DNSC7VB,"”Alexa, open Sci Fi Sleep Sounds”,”Alexa, run Sci Fi Sleep Sounds”,”Alexa, start Sci Fi Sleep Sounds”",Sci-Fi Sleep Sounds - 10 SOUNDS!,"Games & Trivia, all_review"
B079WN69R8,"”Alexa, open Evolution Adventure”",Evolution Adventure,"Games & Trivia, all_review"
B072M3CSJL,"”Alexa, launch Animal Sounds Game.”,”Alexa, open Animal Sounds Game.”,”Alexa, load Animal Sounds Game.”",Animal Sounds Game,"Games & Trivia, all_review"
B06WLQXDGS,"”Alexa, ask Shakespeare insults for an insult”,”Alexa, tell Shakespeare insults to insult me”,”Alexa, tell Shakespeare insults to insult my friend”",Shakespeare Insults,"Games & Trivia, all_review"
B0732WDDYV,"”Alexa, open the Chamber of Secrets.”,”Alexa, launch the Chamber of Secrets and start a new game.”,”Alexa, start the Chamber of Secrets.”",Ultimate Potterhead Quiz,"Games & Trivia, all_review"
B01MT9KCU7,"”Alexa open trek fan trivia”,”the answer is one”,”Repeat the question”",Star Trek TOS Fan Trivia,"Games & Trivia, all_review"
B07GNLWL8Y,"”Alexa, open Movie Challenge”,”Alexa, ask Movie Challenge to start the game”",Movie Challenge,"Games & Trivia, all_review"
B073Z6MP51,"”Alexa open Harry Potter quiz”,”Start New Game”,”Skip”",Harry Potter Trivia,"Games & Trivia, all_review"
B07FLCC6RY,"”Alexa, open Kiwi Monsters”,”Alexa, start Kiwi Monsters”,”Alexa, launch Kiwi Monsters”",Kiwi Monsters! Evolution adventure game,"Games & Trivia, all_review"
B0742MXLJ6,"”Alexa, Open Dragonball Trivia”,”Alexa, Launch Dragonball Trivia”,”Alexa, Start Dragonball Trivia”",Dragonball Trivia,"Games & Trivia, all_review"
B01E0VAEV4,"”Alexa, Open trivia for star wars”,”my answer is one.”,”repeat.”",Trivia for the Star Wars Universe,"Games & Trivia, all_review"
B01MXUVITV,"”Alexa, play RuneScape”,”Alexa, launch RuneScape”,”Alexa, open RuneScape”",RuneScape Quests - One Piercing Note,"Games & Trivia, all_review"
B07GLLP8ZS,"”Alexa, open Naturalization Test”,”Citizens eighteen and older can vote”,”publicly support or oppose an issue or policy”",Civics Quiz - USCIS Naturalization Test,"Games & Trivia, all_review"
B01IOXP25W,"”Alexa, open sports trivia”,”Repeat”,”My answer is one”",Sports Trivia,"Games & Trivia, all_review"
B078RMD433,"”Alexa, tell Shrek the Ogre, Shrek”,”Shrek”,”Not Shrek”",Shrek Game,"Games & Trivia, all_review, Kids"
B01MF4SSNW,"”Alexa, tell Activity Book I'm bored”,”Alexa, ask Activity Book what is there to do”,”Alexa, open Activity Book.”",Activity Book,"Games & Trivia, all_review, Kids"
B071FF8WCN,"”Alexa, open Seventh Inning Stretch”,”Alexa, start Seventh Inning Stretch”,”Alexa, launch Seventh Inning Stretch”",Seventh Inning Stretch Baseball - Buttons Optional,"Games & Trivia, all_review, Sports"
B07S9GWPN1,"”Alexa, open Samurai Chef”",Samurai Chef,"Games & Trivia, Kids"
B078PMQP59,"”Alexa, open Memory Challenge”,”Alexa, ask Memory Challenge to start game”,”Alexa, ask Memory Challenge to start quiz”",Memory Challenge,"Games & Trivia, Kids"
B086SRFPJ6,"”Alexa, open wizarding world quiz.”,”Alexa, ask wizarding world quiz for today's game.”,”Alexa, start wizarding world quiz.”",Wizarding World Book Quiz,"Games & Trivia, Kids"
B078K71L5S,"”Alexa, open mighty trivia”,”Another hint”,”Are you a lion?”",Mighty Trivia - a guessing game for kids,"Games & Trivia, Kids"
B07BQFYK17,"”Alexa, open Kid's Color Game”,”Alexa, play Kid's Color Game”,”Is it green?”",Kid's Color Identification Game,"Games & Trivia, Kids"
B078MK1376,"”Alexa, open magic bag”,”Alexa, launch magic bag”",Magic bag - A Motion game,"Games & Trivia, Kids"
B07ZPTN7W1,"”Alexa, pick a number”,”range is 45 to 89”,”maybe 72”",Pick a number and guess it,"Games & Trivia, Kids"
B07VYW5TRH,"”Alexa, open Ghostbusters”",Ghostbusters: Franchise 84,"Games & Trivia, Kids"
B07QJFQWXC,"”Alexa, open Gravity Falls trivia”",Gravity Falls Trivia,"Games & Trivia, Kids"
B07F8VC9F9,"”Alexa, ask m. b. home what's next”,”Alexa, ask m. b. home for recently added movies”,”Alexa, ask m. b. home to suggest something to watch”",Emby,"Games & Trivia, Movies & TV"
B06XJG3TP6,"”Alexa, what's my Flash Briefing?”,”Alexa, what's in the news?”",Anime News Network Flash Briefing,"Games & Trivia, Movies & TV"
B0721MKPFT,"”Alexa, ask Zombieland Rules what is rule number 3”,”is there a rule about sprinting”,”what's your favorite rule”",Zombieland Rules,"Games & Trivia, Movies & TV"
B07BKQ2B4X,"”Alexa, open infinity war trivia”,”yes”,”no”",Infinity War Trivia,"Games & Trivia, Movies & TV"
B072MQFFG6,"”Alexa, ask Bob's Chalkboard what the burger of the day is”,”Alexa, ask Bob's Chalkboard about today's burger of the day”,”Alexa, ask Bob's Chalkboard about today's burger”",Burger of the Day,"Games & Trivia, Movies & TV"
B01N9N9U70,"”Alexa, ask Actor Wiki to tell me about Will Smith”,”Alexa, ask Actor Wiki what do you know about Penelope Cruz”,”Alexa, ask Actor Wiki to find out about Ryan Gosling”",Actor Wiki,"Games & Trivia, Movies & TV"
B01JDM918C,"”Alexa, ask t. v. trivia to give a tv trivia”,”Alexa, ask t. v. trivia for a tv fact”,”Alexa, ask t. v. trivia for a television fact”",TV Trivia,"Games & Trivia, Movies & TV"
B01DE3FBN0,"”Alexa, open eighties movie trivia”,”i don't know”,”skip”",80's Movie Trivia,"Games & Trivia, Movies & TV"
B07XXRKFYB,"”Alexa open name the show”,”Alexa start name the show”,”Alexa begin name the show”",Name The Show,"Games & Trivia, Movies & TV"
B01JDJJ51I,"”Alexa, ask movie trivia to give me some movie trivia”,”Alexa, start movie trivia”,”Alexa, ask movie trivia tell me a fact”",Movie Trivia,"Games & Trivia, Movies & TV"
B01DT4HAQK,"”Alexa, ask Nerd Quiz to start a new game.”,”The answer is four”,”Alexa, ask Nerd Quiz to launch.”",Nerd Quiz,"Games & Trivia, Movies & TV"
B07L1SNN36,"”Alexa, Open pop corn”,”Alexa, Open Pop Corn for Brad Pitt and Angelina Jolie”,”Alexa, Search Pop Corn for Mila Kunis and Steve Carell”",Pop Corn,"Games & Trivia, Movies & TV"
B077Y4FB52,"”Alexa play venkateswara suprabatham”,”Alexa start venkateswara suprabatham”,”Alexa open venkateswara suprabatham”",Venkateswara Suprabatham,"Games & Trivia, Music & Audio"
B08FHT5PCS,"”Alexa, open peacock sounds”,”Start”",Indian Peacock Sounds - 6 hour relaxation,"Games & Trivia, Music & Audio"
B07CSG1HYK,"”Alexa, what's my Flash Briefing?”,”Alexa, play my Flash Briefing”",Joke of the Day from the Funniest Comedians,"Games & Trivia, Music & Audio"
B0BCDV134T,"”Alexa, Open Song Pop”,”Alexa, Launch Song Pop”,”Alexa, Play Song Pop”",SongPop,"Games & Trivia, Music & Audio"
B01G6BGGBI,"”Alexa, ask record of the year what was the record of the year in 1988”,”Alexa, ask record of the year who won record of the year in 1993”,”Alexa, ask record of the year record of the year 2015”",Record of the Year,"Games & Trivia, Music & Audio"
B07ZRVZP75,"”Alexa, play Descendants Challenge”,”Alexa, open Descendants Challenge”,”Alexa, start Descendants Challenge”",Descendants Challenge,"Games & Trivia, Music & Audio, Kids"
B01N1SVDX4,"”Alexa, open The Tonight Show”,”Alexa, ask The Tonight Show to play the Monologue”,”Alexa, ask The Tonight Show to play Jimmy’s Thank You Notes”",The Tonight Show,Movies & TV
B06W5DW343,"”Alexa, ask itcher to recommend a movie”,”Alexa, ask itcher to suggest a book”,”Give me tv show recommendations”",itcher,Movies & TV
B07KRB4BYH,"”Alexa ask create what's on now”,”Alexa ask create what's on”,”Alexa ask create what's on tv now”",Create,Movies & TV
B01GVFCP46,"”Alexa, ask movie finder what is the movie where a boy learns he is a wizard”,”Alexa, use movie finder to find me British war movies from the 1990s”,”Alexa, ask movie finder what are the best romantic movies”",Valossa Movie Finder,Movies & TV
