skill_id,skill_name,invoke_name,Alexa_Answer,User_Response,label,
B01N47LCE6,Computer Terminology,"Alexa, Start Computer Terminology",computer terminalahi i will ask you five questions try to get as many right as you can just say the number of the correct answer let's begin dok question one what is a connection of computer devices called that exchange data and share resources one router two netword three parallel notes four switch,2,,
B01N47LCE6,Computer Terminology,"Alexa, Start Computer Terminology",computer terminalahi i will ask you five questions try to get as many right as you can just say the number of the correct answer let's begin dock question one what is a global network of computers linked together that allow an exchange of data using data transfer protoco one internet two decision treats three digital paths four global mesh,1: Internet,understood,
B01N47LCE6,Computer Terminology,"Alexa, Start Computer Terminology",the correct answer is correct your score is one question two what is the storage area of main memory allocated for recently used information that can be quickly accessed for processing one static memory two holding space three buffer hug four ash,3: Buffer hug,understood,
B01N47LCE6,Computer Terminology,"Alexa, Start Computer Terminology",the correct answer is wrong the correct answer is four cash your score is one question three this term is used to refer to programmes that contain malicious code one functions two antivirus three malware four agents,3: Malware,understood,
B01N47LCE6,Computer Terminology,"Alexa, Start Computer Terminology",the correct answer is correct your score is two question four a small text file created by a web site that stores and keep track of your preferances while visiting the site is called a one colnel two memory interfits three driver four cooke,4: Cookie,understood,
B01N47LCE6,Computer Terminology,"Alexa, Start Computer Terminology",the correct answer is correct your score is three question five these are component such printers monitors or keyboards that give instructions to or carry out instructions from the c p u one output units two input units three perriferous four back up components,2: Input units,understood,
B01N47LCE6,Computer Terminology,"Alexa, Start Computer Terminology",that answer is wrong the correct answer is three perrifluous you got three out of five questions correct thank you for using computer terminology,3: Perrifluous,understood,
B07DWS8HTY,Word Game,"Alexa, play word game",welcome to the word again a,thank you,,
B07DWS8HTY,Word Game,"Alexa, play word game",you are playing against hadley round to five questions let's play a word guess game name a six letter country which starts with c and ends with a,China,understood,
B07DWS8HTY,Word Game,"Alexa, play word game",sorry that's not right the right answer is canada your opponent's answer was wrong let's play a word guess game name a four lettered geological word which starts withal and ends with e,shale,understood,
B07DWS8HTY,Word Game,"Alexa, play word game",sorry that's not right the right answer is late your opponent's answer was wrong let's play a word scramble game what animal name can you make from the letters o y e n d,donkey,understood,
B07DWS8HTY,Word Game,"Alexa, play word game",ting on you have scored one point your opponent answered correctly let's play a word scramble game what geological word can you make from the letters a o e n ce,ocean,understood,
B07DWS8HTY,Word Game,"Alexa, play word game",nay you have scored two points your opponent's answer was wrong let's play a word guess game name a five lettered country which starts with s and ends with m,Sweden,understood,
B07DWS8HTY,Word Game,"Alexa, play word game",sorry that's not right the right answer is spain your opponent answered correctly you both were not able to defeat each other you scored two out of five and your opponent hadley scored two out of five in this round to progress to the next level you need to answer three out of five correctly say stop or cancel to exsit any time are you ready to retry level one,stop,understood,
B07DWS8HTY,Word Game,"Alexa, play word game",if you enjoy playing word game please give a raiting an alexa at good bye,Okay,understood,
B08PVTHNJ2,Escape the School,Alexa open Escape the School,welcome to escape the school please say start to begin,start,understood,
B08PVTHNJ2,Escape the School,Alexa open Escape the School,ames started your eyes slowly open your body feels tingly as you look around you're in a dark school class room all the lights are out you sluggishly get up and notice an unnerving chill down your spine you can say instructions like look left look at dor or use wrench on pipe you can also say inventory to look and see what you have what would you like to do,look around,understood,
B08PVTHNJ2,Escape the School,Alexa open Escape the School,you look up the ceiling is a whitish gray color there is a vent on the ceiling what would you like to doo,check vent,understood,
B08PVTHNJ2,Escape the School,Alexa open Escape the School,the vet looks to be made of titania no air is coming out of it what would you like to do,use wrench,understood,
B08PVTHNJ2,Escape the School,Alexa open Escape the School,you do not have wrench in your inventory what would you like to do,look elsewhere,understood,
B08PVTHNJ2,Escape the School,Alexa open Escape the School,you look up the ceiling is a whitish gray color there is a vent on the ceiling what would you like to do,climb chair,understood,
B08PVTHNJ2,Escape the School,Alexa open Escape the School,you look ut the ceiling is a whitish gray color there is a vent on the ceiling what would you like to do,jump for vent,understood,
B08PVTHNJ2,Escape the School,Alexa open Escape the School,you have already started the game what would you like to do,continue game,does not work,
B08PVTHNJ2,Escape the School,Alexa open Escape the School,you have already started the game what would you like to do,quit game,does not work,
B08PVTHNJ2,Escape the School,Alexa open Escape the School,you have already started the game what would you like to do,start over,does not work,
B08PVTHNJ2,Escape the School,Alexa open Escape the School,you have already started the game what would you like to do,save progress,does not work,
B08PVTHNJ2,Escape the School,Alexa open Escape the School,ok tin ton ti ton tin to tino tin ton ti ton in tn tin ton ti ton ti o tin ton tin ton tin ton tn o tin tn tin on ti ton tin to what would you like to do,stop sound,,
B08PVTHNJ2,Escape the School,Alexa open Escape the School,ok tim tu ti o ti tu tim tu im tu tim tu tim tu tim tu tim u tim tu tim to tim u tim to tim to tim tu tim tu i t tim to what would you like to do,stop sound,,
B08PVTHNJ2,Escape the School,Alexa open Escape the School,ok tim to ti tog tim to tim ton tim ton tim ton tim ton ti ton ti tng tim o tim ton i ton tim ton im tog tim ton tim ton ti to tim tong what would you like to do,stop sound,,
B08PVTHNJ2,Escape the School,Alexa open Escape the School,listening timeout,No response,,
B08V573QY9,Hangman,Alexa open hang man.,welcome to the word game of hangman the word contains nine letters you have ten attempts left please say a letter,E,understood,
B08V573QY9,Hangman,Alexa open hang man.,lettere are you sure,Yes,understood,
B08V573QY9,Hangman,Alexa open hang man.,your guess is right one occurrence is found in the word you have ten attempts left the word so far is six letters e two letters please say a letter,S,understood,
B08V573QY9,Hangman,Alexa open hang man.,please say a letter,T,understood,
B08V573QY9,Hangman,Alexa open hang man.,letter te are you sure,Yes,understood,
B08V573QY9,Hangman,Alexa open hang man.,sorry no letter t found in the word you have nine attempts left the word so far is six letters e two letters please say a letter,R,does not work,
B08V573QY9,Hangman,Alexa open hang man.,please say a letter,N,,
B08V573QY9,Hangman,Alexa open hang man.,give a hug lady bug thank you for using our skill please give us a five star rad good bye,Goodbye,,
B08V573QY9,Hangman,Alexa open hang man.,lator calculator,Later,,
B08V573QY9,Hangman,Alexa open hang man.,si i don't know they're wone,Don't know,,
B08V573QY9,Hangman,Alexa open hang man.,sa i don't know theyre one,Don't know,,
B08V573QY9,Hangman,Alexa open hang man.,o i don't know that,Don't know,,
B08V573QY9,Hangman,Alexa open hang man.,sorry i'm not sure,No response,,
B08GXYZYDM,Los Angeles Times Crossword,"Alexa, open Los Angeles Times Crossword",welcome back to l a times crosswork try saying print to day's cross work or print last sunday's answers,print today,does not work,
B08GXYZYDM,Los Angeles Times Crossword,"Alexa, open Los Angeles Times Crossword",sorry that cross word is not available yet please try again later what day's cross word would you like to print,print Sunday's answers,does not work,
B08GXYZYDM,Los Angeles Times Crossword,"Alexa, open Los Angeles Times Crossword",you want me to print to day's cross word you can also pick a different day,print different day,does not work,
B08GXYZYDM,Los Angeles Times Crossword,"Alexa, open Los Angeles Times Crossword",you want me to print to day's cross work you can also pick a different bit,different day,does not work,
B08GXYZYDM,Los Angeles Times Crossword,"Alexa, open Los Angeles Times Crossword",you want me to print to day's cross work you can also pick a different day,different day,does not work,
B08GXYZYDM,Los Angeles Times Crossword,"Alexa, open Los Angeles Times Crossword",do you want me to print to day's cross word you can also pick a different bit,different day,does not work,
B08GXYZYDM,Los Angeles Times Crossword,"Alexa, open Los Angeles Times Crossword",do you want me to print to day's cross work you can also pick a different day,different day,does not work,
B08GXYZYDM,Los Angeles Times Crossword,"Alexa, open Los Angeles Times Crossword",listening timeout,No response,,
B019DA09YE,Math Mania,"Alexa, ask Math Mania to play",will start you with something easy what is five ninths plus seven nints,Twelve ninths.,,
B019DA09YE,Math Mania,"Alexa, ask Math Mania to play",sin i'm having trouble accessing your math mania skilled right now,Try again.,does not work,
B019DA09YE,Math Mania,"Alexa, ask Math Mania to play",sorry i don't have any answer for that,No problem.,does not work,
B019DA09YE,Math Mania,"Alexa, ask Math Mania to play",i really appreciate that,You're welcome.,does not work,
B019DA09YE,Math Mania,"Alexa, ask Math Mania to play",brin,Yes?,does not work,
B019DA09YE,Math Mania,"Alexa, ask Math Mania to play","tag info,loop time: 5","tag info: skill problem, skill stop",does not work,
B073LKHFPC,My Knowledge,"Alexa, ask My Knowledge",i will ask you ten questions try to get as many right as you can just say the answer good luck let's begin which star is at the center of our solar system,the Sun,misunderstood,
B073LKHFPC,My Knowledge,"Alexa, ask My Knowledge",that answer is wrong the correct answer is son your score is zero which country is jucato the capital city of,Japan,understood,
B073LKHFPC,My Knowledge,"Alexa, ask My Knowledge",ent to how many days on earth just say the number of days,225,understood,
B073LKHFPC,My Knowledge,"Alexa, ask My Knowledge",that answer is correct your score is one which planet is known as the morning star or the evening star,Venus,understood,
B073LKHFPC,My Knowledge,"Alexa, ask My Knowledge",that answer is correct your exporeis too which is the coldest planet in the solar system,Uranus,understood,
B073LKHFPC,My Knowledge,"Alexa, ask My Knowledge",that answer is wrong the correct answer is neptune your score is two which planet has the shortest day,Jupiter,understood,
B073LKHFPC,My Knowledge,"Alexa, ask My Knowledge",that answer is correct your score is three one year on mercury is equivalent to how many days on earth just say the number of days,88,understood,
B073LKHFPC,My Knowledge,"Alexa, ask My Knowledge",that answer is correct your score is four which is warmer north pole or south pole,South pole,understood,
B073LKHFPC,My Knowledge,"Alexa, ask My Knowledge",answer is wrong the correct answer is north pole your score is four how much time does sun rays take to reach earth please answer in minutes and seconds,8 minutes 20 seconds,understood,
B073LKHFPC,My Knowledge,"Alexa, ask My Knowledge",that answer is wrong the correct answer is eight minutes and twenty seconds your score is four what occurred first the stone age or the bronze age,Stone age,misunderstood,
B073LKHFPC,My Knowledge,"Alexa, ask My Knowledge",that answer is wrong the correct answer is the stone age you dot four out of ten questions correct thank you for learning with my knowledge skill please come back again to further test your general knowledge with new questions,Thank you.,misunderstood,
B076GC2SS2,Totally Awesome Team Trivia,Alexa Play Totally Awesome Team Trivia,welcome to totally awesome team trivia how many teams are playing,7 teams,does not work,
B076GC2SS2,Totally Awesome Team Trivia,Alexa Play Totally Awesome Team Trivia,welcome to totally awesome team trivial how many teams are playing,7 teams,does not work,
B076GC2SS2,Totally Awesome Team Trivia,Alexa Play Totally Awesome Team Trivia,listening timeout,No response,does not work,
B07DW6X3XV,Lucky Dice,Alexa launch lucky dice,sorry i'm having trouble access an your lucky die spilled right now,No problem.,does not work,
B07DW6X3XV,Lucky Dice,Alexa launch lucky dice,"tag info,loop time: 1","tag info: skill problem, skill stop",,
B01FYMWWQS,Alfa Bravo Charlie,Alexa ask Alfa Bravo Charlie to start a game,welcome back to alphabravo charley the game that tests your knowledge of the phonetic alphabet used by mato and aviation professionals around the world we're starting from a previously saved game please let me know if you want to start over instead for four hundred points tell me the phonetic alphabet word for the letter you,Yankee,,
B01FYMWWQS,Alfa Bravo Charlie,Alexa ask Alfa Bravo Charlie to start a game,i'm sorry but yankee is not the correct answer you can try again for one hundred points or say skip if you want to try a new letter tell me the phonetic alphabet word for the letter here,X-ray,stopped working ,
B01FYMWWQS,Alfa Bravo Charlie,Alexa ask Alfa Bravo Charlie to start a game,listening timeout,No response,stopped working ,
B0779F5ZDN,Guess The Price,Alexa open Guess The price,welcome to guess the price how many persons are playing to dayo,1 person.,does not work,
B0779F5ZDN,Guess The Price,Alexa open Guess The price,ra please tell us your name,Ra.,does not work,
B0779F5ZDN,Guess The Price,Alexa open Guess The price,we didn't get you correctly please tell us your name again,Ra.,does not work,
B0779F5ZDN,Guess The Price,Alexa open Guess The price,we didn't get you correctly please tell us your name again,Ra.,does not work,
B0779F5ZDN,Guess The Price,Alexa open Guess The price,listening timeout,No response,does not work,
B075CGWG8C,Harry Potter House Quiz,"Alexa, open potter house quiz",welcome to the harry potter house guessing gang you can ask to start a quiz with starter quitz,"Sure, let's start.",understood,
B075CGWG8C,Harry Potter House Quiz,"Alexa, open potter house quiz",ok i will ask you for the hogbord's house of ten characters here is your first question what is the house of myrtle warren,Ravenclaw,understood,
B075CGWG8C,Harry Potter House Quiz,"Alexa, open potter house quiz",hurrah the house of myrtle warn is raven clock your current score is one out of one here is your second question what is the house of flora carroll,Gryffindor,understood,
B075CGWG8C,Harry Potter House Quiz,"Alexa, open potter house quiz",rom boy the house of flora carrol is slithering your current score is one out of two here is your third question what is the house of kenneth towler,Hufflepuff,understood,
B075CGWG8C,Harry Potter House Quiz,"Alexa, open potter house quiz",oh dear the house of kenneth towler is griffinbol your current score is one out of three here is your fourth question what is the house of hestia carroll,Ravenclaw,understood,
B075CGWG8C,Harry Potter House Quiz,"Alexa, open potter house quiz",yikes the house of hestia carroll is slithering your current score is one out of four here is your fifth question what is the house of hengast of woodcroft,Ravenclaw,understood,
B075CGWG8C,Harry Potter House Quiz,"Alexa, open potter house quiz",the house of hangest of woodcroft is huffled uf your current scores one out of five here is your sixth question what is the house of dean thomas  this is a reminder third lon event p m to morrow resuming harry das quiz the house of dasto woodcroft is huffled uff your current scores one out of five here is your sixth question what is the house of dean thomasiis,Gryffindor,stopped working ,
B075CGWG8C,Harry Potter House Quiz,"Alexa, open potter house quiz",listening timeout,No response,does not work,
B073TRHKFD,SciFi Quiz,"Alexa, play SciFi Quiz",welcome to syphi quidz you can ask me about some of the most famous science fiction books or authors or you can ask me to start a quiz what would you like to do,Start quiz,understood,
B073TRHKFD,SciFi Quiz,"Alexa, play SciFi Quiz",apan i will ask you ten questions about science fiction books question number one who wrote the science fiction book titled heliconia spring,Brian Aldiss,misunderstood,
B073TRHKFD,SciFi Quiz,"Alexa, play SciFi Quiz",lek the author of heliconia spring is bryant aldus your current score is zero out of one question number two who wrote the science fiction book titled the lathe of heaven,Ursula Le Guin,misunderstood,
B073TRHKFD,SciFi Quiz,"Alexa, play SciFi Quiz",ah man the author of the lathe of heaven is ursula k leguyn your current score is zero out of two question number three who wrote the science fiction book titled the einstein intersection,Samuel R. Delany,misunderstood,
B073TRHKFD,SciFi Quiz,"Alexa, play SciFi Quiz",man the author of the einstein intersection is samuel ar delaney your current score is zero out of three question number four who wrote the science fiction book titled mirror dance,Lois McMaster Bujold,misunderstood,
B073TRHKFD,SciFi Quiz,"Alexa, play SciFi Quiz",of the author of mirror dance is lois mc master bugo your current score is zero out of four question number five who wrote the science fiction book titled among others,Jo Walton,misunderstood,
B073TRHKFD,SciFi Quiz,"Alexa, play SciFi Quiz",the author o among others is joe walton your current score is zero out of five question number six who wrote the science fiction book titled secret,Kenji Miyazawa,understood,
B073TRHKFD,SciFi Quiz,"Alexa, play SciFi Quiz",question number six who wrote the science fiction book titled seper,Karin Boye,understood,
B073TRHKFD,SciFi Quiz,"Alexa, play SciFi Quiz",jon the author of seeker is jack mc devot your current score is zero out of six question number seven who wrote the science fiction book titled parable of the talents,Octavia Butler,misunderstood,
B073TRHKFD,SciFi Quiz,"Alexa, play SciFi Quiz",gites the author of parable of the talents is octavia e butler your current score is zero out of seven question number eight who wrote the science fiction book titled the islanders,Christopher Priest,understood,
B073TRHKFD,SciFi Quiz,"Alexa, play SciFi Quiz",cabon the author of the islanders is christopher prist your current score is one out of eight question number nine who wrote the science fiction book titled lord of light,Roger Zelazny,misunderstood,
B073TRHKFD,SciFi Quiz,"Alexa, play SciFi Quiz",och the author of lord of lightas rogers alasme your current score is one out of nine question number ten who wrote the science fiction book titled secret,Kenji Miyazawa,understood,
B0859QF8YL,blindfold chess,"Alexa, open Blindfold Chess",handing off to blindfold chess by lena welcome back previous game loaded,Game on.,stopped working ,
B0859QF8YL,blindfold chess,"Alexa, open Blindfold Chess",level one is the easiest in level twenty is the hardest what level do you want to play,Level ten.,stopped working ,
B0859QF8YL,blindfold chess,"Alexa, open Blindfold Chess",level one is the easiest an level twenty is the hardest what level do you want to play,Level five.,stopped working ,
B0859QF8YL,blindfold chess,"Alexa, open Blindfold Chess",level one is the easiest in level twenty is the hardest what level do you want to play,Level three.,stopped working ,
B0859QF8YL,blindfold chess,"Alexa, open Blindfold Chess",level one is the easiest in level twenty is the hardest what level do you want to play,Level one.,stopped working ,
B0859QF8YL,blindfold chess,"Alexa, open Blindfold Chess",listening timeout,No response,,
B01JDNSRFO,Name that Song from the 80s,"Alexa, start eighties bands",l say five songs from the eighties name the band and try to get as many light as you can just say the answer let's begin burning down the house,Talking Heads,understood,
B01JDNSRFO,Name that Song from the 80s,"Alexa, start eighties bands",answer is correct your score is wone our lips are sealed,The Go-Go's,misunderstood,
B01JDNSRFO,Name that Song from the 80s,"Alexa, start eighties bands",that answer is wrong the correct answer is the go gos your score is one i want to know what love is,Foreigner,understood,
B01JDNSRFO,Name that Song from the 80s,"Alexa, start eighties bands",that answer is correct youre spollers too white wedding only,Billy Idol,understood,
B01JDNSRFO,Name that Song from the 80s,"Alexa, start eighties bands",that answer is correct your score is three take my breath away,Berlin,understood,
B07F1DZL2T,Speak Up: The Party Quiz,"Alexa, start speak up.",welcome to speak op you can choose your category do you want to play european countries or zodiacs,european countries,understood,
B07F1DZL2T,Speak Up: The Party Quiz,"Alexa, start speak up.",ok i want you to tell me all twenty eight european countries like my answer is france o,"france, germany, italy...",understood,
B07F1DZL2T,Speak Up: The Party Quiz,"Alexa, start speak up.",france is correct you already got one correct zodia twenty seven are missing tell me another one,Gemini,does not work,
B07F1DZL2T,Speak Up: The Party Quiz,"Alexa, start speak up.",sorry i did not understand you please try again,Leo,misunderstood,
B07F1DZL2T,Speak Up: The Party Quiz,"Alexa, start speak up.",sorry i did not understand hiu les try againo,Aries,misunderstood,
B07F1DZL2T,Speak Up: The Party Quiz,"Alexa, start speak up.",sorry i did not understand you please try againo,Taurus,misunderstood,
B07F1DZL2T,Speak Up: The Party Quiz,"Alexa, start speak up.",sorry i did not understand you please try again oh,Cancer,misunderstood,
B07F1DZL2T,Speak Up: The Party Quiz,"Alexa, start speak up.",sorry i did not understand you please try again oh,Virgo,misunderstood,
B07F1DZL2T,Speak Up: The Party Quiz,"Alexa, start speak up.",sorry i did not understand you please try again o,Libra,misunderstood,
B07F1DZL2T,Speak Up: The Party Quiz,"Alexa, start speak up.",sorry i did not understand you please try again o,Scorpio,misunderstood,
B07F1DZL2T,Speak Up: The Party Quiz,"Alexa, start speak up.",sorry i did not understand you please try again oh,Sagittarius,misunderstood,
B07F1DZL2T,Speak Up: The Party Quiz,"Alexa, start speak up.",sorry i did not understand you please try again oh,Capricorn,misunderstood,
B07V73RQ2D,Mean Rude,"Alexa, open Mean Rude.",welcome back what would you like to know,Any updates?,,
B07V73RQ2D,Mean Rude,"Alexa, open Mean Rude.",sorry i didn't catch that ask me a question again my friend oh,Updates later.,does not work,
B07V73RQ2D,Mean Rude,"Alexa, open Mean Rude.",sorry i didn't catch that aske me a question again my friend what is the wiather in climpson sorry i didn't catch that aske me a question again my friendo,Weather Later.,does not work,
B07V73RQ2D,Mean Rude,"Alexa, open Mean Rude.",sorry i didn't catch that ask me a question again my friend o,"Ask Again.

A: Anything else?",does not work,
B07V73RQ2D,Mean Rude,"Alexa, open Mean Rude.",sorry anything i didn't catch that ask me a question again my friend,Ask Again.,does not work,
B07V73RQ2D,Mean Rude,"Alexa, open Mean Rude.",sorry i didn't catch that ask me a question again my friend oh,Ask Again.,does not work,
B07V73RQ2D,Mean Rude,"Alexa, open Mean Rude.",sorry i didn't catch that ask me a question again my friendo,Ask Again.,does not work,
B07V73RQ2D,Mean Rude,"Alexa, open Mean Rude.",sorry i didn't catch that askd me a question again my friend o,Ask Again.,does not work,
B07V73RQ2D,Mean Rude,"Alexa, open Mean Rude.",sorry i didn't catch that ask me a question again my friend o,Ask Again.,does not work,
B07V73RQ2D,Mean Rude,"Alexa, open Mean Rude.",sorry i didn't catch that ask me a question again my friend o,Ask Again.,does not work,
B07V73RQ2D,Mean Rude,"Alexa, open Mean Rude.",sorry i didn't catch that ask me a question again my friend o,Ask Again.,does not work,
B07V73RQ2D,Mean Rude,"Alexa, open Mean Rude.",sorry i didn't catch that ask me a question again my friend o,Ask Again.,does not work,
B07V73RQ2D,Mean Rude,"Alexa, open Mean Rude.",sorry i didn't catch that ask me a question again my friend oh,Ask Again.,does not work,
B07V73RQ2D,Mean Rude,"Alexa, open Mean Rude.",sorry i didn't catch that ask me a question again my friend o,Sure thing.,does not work,
B07V73RQ2D,Mean Rude,"Alexa, open Mean Rude.",sorry i didn't catch that ask me a question again my friend o,Ask Again.,does not work,
B073NK3HMW,Lyrics Idol,"Alexa, open Lyrics Idol",the welcome  deriing sit welcome back your level is won let's go which word is missing from every now and then i get a litte it,little,understood,
B073NK3HMW,Lyrics Idol,"Alexa, open Lyrics Idol",the word i heard was little that's not correct the line goes every now and then i get a litty lon first strike only six strikes remaining which word is missing from and i think to myse what,lonely,understood,
B073NK3HMW,Lyrics Idol,"Alexa, open Lyrics Idol",the word i heard was lonely this is not the missing word the correct line was anting do ma swhat a no that's the second strike only five more strikes to go you have scored zero points what is the word that is missing in,do,misunderstood,
B073NK3HMW,Lyrics Idol,"Alexa, open Lyrics Idol",what i've heard is two this is not the right word here is the correct line that's the third stripe only four more strikes until the round is over which word is missing froma,four,understood,
B073NK3HMW,Lyrics Idol,"Alexa, open Lyrics Idol",i heard you say four this is not the missing word the line was that's the fourth strike only three more strikes to go what is the word that is missing in o,no,understood,
B073NK3HMW,Lyrics Idol,"Alexa, open Lyrics Idol",i heard no this is not the right word the line was that's the fifth strike only two more strikes to go fill the blank en,empty,understood,
B073NK3HMW,Lyrics Idol,"Alexa, open Lyrics Idol",what i've heard is empty this is not the right word the line was that's the sixth strike only one strike remaining your total scoreis zero points what is the word that is missing in,between,understood,
B073NK3HMW,Lyrics Idol,"Alexa, open Lyrics Idol",the word i heard was between this is not the right word the line goes o ha that's strike number seven game over you hape zero points you were twelve thousand four hundred forty points from setting a high score say play again or quit game,quit game,understood,
B01LYRDYT4,Movie Quotes,Alexa open movie quotes,welcome to the movie corts trivio game are you ready to begin the game,Yes.,,
B01LYRDYT4,Movie Quotes,Alexa open movie quotes,o k here is your first movie qlok then it don't matter i'll be all around in the dark i'll be everywhere wherever you can look wherever there's a fight so hungry people can eat i'll be there,Cool.,understood,
B01LYRDYT4,Movie Quotes,Alexa open movie quotes,i am sorry i do not understand what you just said if you are saying the title of a movie try beginning your response with the phrase the answer iso,The answer is...,understood,
B01LYRDYT4,Movie Quotes,Alexa open movie quotes,i am sorry i do not understand what you just said if you are saying the title of a movie try beginning your response with the phrase the answer is what famous movie contained the following line then it don't matter i'll be all around in the dark i'll be everywhere wherever you can look wherever there's a fight so hungry people can eat i'll be there,The answer is...,understood,
B01LYRDYT4,Movie Quotes,Alexa open movie quotes,i am sorry i do not understand what you just said if you are saying the title of a movie try beginning your response with the phrase the answer is what famous movie contained the following line then it don't matter i'll be all around in the dark i'll be everywhere wherever you can look wherever there's a fight so hungry people can eat i'll be there,The answer is...,understood,
B01LYRDYT4,Movie Quotes,Alexa open movie quotes,i am sorry i do not understand what you just said if you are saying the title of a movie try beginning your response with the phrase the answer is what famous movie contained the following line then it don't matter i'll be all around in the dark i'll be everywhere wherever you can look wherever there's a fight so hungry people can eat i'll be there,The answer is...,understood,
B01LYRDYT4,Movie Quotes,Alexa open movie quotes,welcome to the movie quorts tribul game are you ready to begin the game,Yes.,understood,
B01LYRDYT4,Movie Quotes,Alexa open movie quotes,k here is your first movie quot i'm the king of the wor,Thanks.,understood,
B01LYRDYT4,Movie Quotes,Alexa open movie quotes,i am sorry i do not understand what you just said if you are saying the title of a movie try beginning your response with the phrase the answer is,The answer is...,understood,
B01M12EP5B,The Dice Game,"Alexa, Start the dice game",welcome to the dice game a game played with six virtual dice once we start the game just say rules and i'll tell them to you the object of this game is to be the first to reach exactly ten thousand points let's begin how many players will be playing this game please say in number from two to ten,Two,understood,
B01M12EP5B,The Dice Game,"Alexa, Start the dice game",player one is rolling six dice you rolled five three six two two four you rolled fifty points and have five unscored dice your turn score is fifty your options are roll score players options rules and stuff,Roll,understood,
B01M12EP5B,The Dice Game,"Alexa, Start the dice game",that is not a valid option please say one of the valid optionso,Score,understood,
B01M12EP5B,The Dice Game,"Alexa, Start the dice game",your transcore is zero your total score is zero,Players,understood,it does not give users options to use or how to interact with the skill
B01M12EP5B,The Dice Game,"Alexa, Start the dice game",there are three players you are player number one,Options,understood,
B01M12EP5B,The Dice Game,"Alexa, Start the dice game",your options are score players options rules and stop,Stop,understood,
B01M12EP5B,The Dice Game,"Alexa, Start the dice game",options rules and stuff,Rules,understood,
B01M12EP5B,The Dice Game,"Alexa, Start the dice game",te dice game rules are the object of this game is to be the first player to score exactly ten thousand points say the roll command to roll the dice your roll is scored as follows each one is worth one hundred points three ones are worth one thousand points four ones are worth two thousand points five are worth four thousand if you roll six ones in a single roll you automatically win the game each five is worth fifty points except for ones any value rolled in multiples of three or more are scored as follows for three of a kind multiply the value times one hundred four of a kind is the value times two hundred five of a kind is the value times four hundred and six of a kind is multiplied by eight hundred for example rolling four threes would give you six hundred points if none of your dice score points your turn is over if points are scored you can elect to end your turn and collect the points you've scored or roll any unscored dice again once again if no points are scored your turn is over and any points you've scored in that turn are lost,Roll,understood,
B078592P2S,Christmas Movie Guessing Game,"Alexa, open christmas movie game.",welcome to christmas mol be guests again say start to play,Let's play!,understood,
B078592P2S,Christmas Movie Guessing Game,"Alexa, open christmas movie game.",here is the description character ancounters ghost of his late business partner what christmas move is this,A Christmas Carol,understood,just one interaction
B078592P2S,Christmas Movie Guessing Game,"Alexa, open christmas movie game.",a christmas carol is a carol on the theme of christmas traditionally sung at christmas itself or during the surrounding christmas holiday season,Okay.,stopped working ,
B078592P2S,Christmas Movie Guessing Game,"Alexa, open christmas movie game.","tag info,loop time: 3","tag info: skill problem, skill stop",,
B072XH5JZJ,High Low Game,"Alexa, let's play High Low Game",welcome to high low guessing game you have played zero times would you like to play,Yes,understood,
B072XH5JZJ,High Low Game,"Alexa, let's play High Low Game",brav try saying a number to strike the game,50,understood,
B072XH5JZJ,High Low Game,"Alexa, let's play High Low Game",sorry i didn't get there try saying a number o,25,understood,
B072XH5JZJ,High Low Game,"Alexa, let's play High Low Game",twenty five is correct would you like to play a new gameo,Yes,understood,
B072XH5JZJ,High Low Game,"Alexa, let's play High Low Game",try saying a number to start the game,50,understood,
B072XH5JZJ,High Low Game,"Alexa, let's play High Low Game",i didn't get that try saying a numbero,25,understood,
B072XH5JZJ,High Low Game,"Alexa, let's play High Low Game",sorry i didn't get thare try saying the numbero,35,understood,
B072XH5JZJ,High Low Game,"Alexa, let's play High Low Game",i didn't get that try saying the number o,45,understood,
B072XH5JZJ,High Low Game,"Alexa, let's play High Low Game",i didn't get that try saying the number o,47,understood,
B07QF77YR2,Movie Trivia Game,"Alexa, open movie trivia game",welcome to movie trivia fun game several random questions from random movies enjoy and have fun check our other games for even more fun thank you one to four players can play how many are playing,1,understood,
B07QF77YR2,Movie Trivia Game,"Alexa, open movie trivia game",let's start answer quickly until you get three wrong to undo an answer say undue who directed the two thousand nine science fiction epidavito is the answer one martin scorcesi two james cameron three michael bay or four ta's lernan,Three,understood,
B07QF77YR2,Movie Trivia Game,"Alexa, open movie trivia game",you said three michael bay very close the correct answer was james cameron the navi language was created entirely from scratch by linguist doctor paula frame james cameron hired him to construct a language that would be easy for actors to pronounce but would not resemble any human language framer created about one thousand words only two long two answers left in yorout next question he played the lead female role in don doro is the answer one cate blanchett two maggie gillan hall three rosamond pike or four amy adams,Two,understood,
B07QF77YR2,Movie Trivia Game,"Alexa, open movie trivia game",you said two maggie gillenhall no the correct answer was rosamond pipe the bar restaurant in the movie is now a real restaurant exactly where it was filmed in downtown cape gerardo meser only one wrong one answer left in your oy next question which former doctor who actress played the part of nebula and avengers infinity war is the answer one jana coleman two billy piper three karon gillan or four frina aduman,Three,understood,
B07QF77YR2,Movie Trivia Game,"Alexa, open movie trivia game",bravo you now have one point karan gillen is voted best actress by readers of doctor he magazine for her stint on the twenty tenth season of doctor hoop next question which of these movies was not directed by stanley cooben is the answer one the yeoman two full metal jacket three a clockwork orange or four two thousand one a space odycy,Four,understood,
B07QF77YR2,Movie Trivia Game,"Alexa, open movie trivia game",you said four two thousand one a space odyssy sorry that's incorrect the correct answer was the omen the only author that cubrick worked with personally was arthur c clark for two thousand one a space odyssy you've finished with a score of one point keep on trying want to play again o,No,understood,
B07D6NWVKW,Quiz of the Day skill for Amazon Alexa,"Alexa, open Quiz of the Day.",either i'm john coshr am they very warm welcome to quis of the day let's find out who we've got with us to day either this is the done ald this is done or j trump the j stands for genius let's go to our very beautiful cohost a smart cohost i love our cohost thank you donald one thing is for sure i am never going to be impeached as cohost of the squits to day's category is celebrities this will be the broad general area af your question a day when you're ready to sta to say let's go it' simple,Let's go.,understood,
B07D6NWVKW,Quiz of the Day skill for Amazon Alexa,"Alexa, open Quiz of the Day.",five points in an interview who describe his own surname as a fart in a bath which one is it a angleberd humpeny b walton doggins or c benedict cumberbach,Benedict Cumberbatch.,understood,
B07D6NWVKW,Quiz of the Day skill for Amazon Alexa,"Alexa, open Quiz of the Day.",wli gon tens a very good answer great answer the best answer but then again i think this hestow looks good that answer was even better than my twits which are bigly good toit all ways constructed on the toilet at three a m did you know comber batch started out acting under the stage named benedict callton before being persuaded to use his more unique surname time for your bonus quis ten points apophobia is the fear of witch animals is it a ants b bs or c timates,Bees.,understood,
B07D6NWVKW,Quiz of the Day skill for Amazon Alexa,"Alexa, open Quiz of the Day.",great answer and you did all without collusion or abstruction very smit very smit grason it was the rago i knewthat if you enjoyed playing chritc of the day and would like to answer more questions you can upgrade to our premium version would you like to hear more o,No.,understood,
B07D6NWVKW,Quiz of the Day skill for Amazon Alexa,"Alexa, open Quiz of the Day.",plaing the playand that's all for to day to play a new game please come back again to morrow we'll see you then ho ho ho here's one for your stocking just say open canta banter,Open canta banter.,understood,
B07S3W1VMX,Movie Quotes Quiz,Alexa open beast audio,welcome to how well do you know the hottest movie quilt quiz game in the world are you ready to play,Yes.,understood,
B07S3W1VMX,Movie Quotes Quiz,Alexa open beast audio,let's test your knowledge take a move,Okay.,does not work,
B07S3W1VMX,Movie Quotes Quiz,Alexa open beast audio,let's test your knowledge thike a movi o,Sure.,,
B07S3W1VMX,Movie Quotes Quiz,Alexa open beast audio,let's test your knowledge tik a movo,Okay.,,
B07S3W1VMX,Movie Quotes Quiz,Alexa open beast audio,let's test your knowledge take an move,No.,,
B07S3W1VMX,Movie Quotes Quiz,Alexa open beast audio,say help if you aren't sure what to doo,I'm good.,,
B07S3W1VMX,Movie Quotes Quiz,Alexa open beast audio,something went wrong,Oh no.,,
B07S3W1VMX,Movie Quotes Quiz,Alexa open beast audio,something went wrong,Oops.,,
B07S3W1VMX,Movie Quotes Quiz,Alexa open beast audio,say help if you aren't sure what to do o,I'm fine.,,
B07S3W1VMX,Movie Quotes Quiz,Alexa open beast audio,something went wrong o,My bad.,,
B07S3W1VMX,Movie Quotes Quiz,Alexa open beast audio,something went wrong,Not again.,,
B07S3W1VMX,Movie Quotes Quiz,Alexa open beast audio,something went wrong,Oh well.,,
B07S3W1VMX,Movie Quotes Quiz,Alexa open beast audio,something went wrong,That's unfortunate.,,
B07S3W1VMX,Movie Quotes Quiz,Alexa open beast audio,something went wrong,Not again.,,
B07S3W1VMX,Movie Quotes Quiz,Alexa open beast audio,something went wrong,My mistake.,,
B06XN5QW6N,Vocabulary Master,"Alexa, Start Vocabulary Master",welcome to vocabulary master please choose the level of difficulty you can say easy medium or harm,easy,understood,
B06XN5QW6N,Vocabulary Master,"Alexa, Start Vocabulary Master",here is your first question which of the following is the synonym of noise your choices are first loud afraid,loud,understood,
B06XN5QW6N,Vocabulary Master,"Alexa, Start Vocabulary Master",binga your score is one next question which of the following is the synonym of ho your choices are walk jump rum,jump,understood,
B06XN5QW6N,Vocabulary Master,"Alexa, Start Vocabulary Master",break your scores too next question which of the following is the synonym of twist your choices are open turn lock,turn,understood,
B06XN5QW6N,Vocabulary Master,"Alexa, Start Vocabulary Master",excellent your score is three next question which of the following is the synonym of scare your choices are happy afraid angry,afraid,understood,
B06XN5QW6N,Vocabulary Master,"Alexa, Start Vocabulary Master",wonderful your score is four next question which of the following is the synonym of sand your choices are package attend deliver,deliver,understood,
B06XN5QW6N,Vocabulary Master,"Alexa, Start Vocabulary Master",superb your score is five next question which of the following is the synonym of creatie your choices are right make earth o,make,understood,
B06XN5QW6N,Vocabulary Master,"Alexa, Start Vocabulary Master",awesome your score is six next question which of the following is the synonym of place your choice is a water home location,location,understood,
B06XN5QW6N,Vocabulary Master,"Alexa, Start Vocabulary Master",super ausum your score is seven next question which of the following is the synonym of robber your choices are officer police thief,thief,understood,
B06XN5QW6N,Vocabulary Master,"Alexa, Start Vocabulary Master",alsom your score is eight next question which of the following is the synonym of watch your choice is on hear see understand,see,understood,
B06XN5QW6N,Vocabulary Master,"Alexa, Start Vocabulary Master",sa i heard see it's an incorrect answer try again your choices are here see understando,see,misunderstood,
B06XN5QW6N,Vocabulary Master,"Alexa, Start Vocabulary Master",i heard see but the correct answer is c next question which of the following is the synonym of disgusting your choices are tasty gross flavorful,gross,understood,
B06XN5QW6N,Vocabulary Master,"Alexa, Start Vocabulary Master",your very talented your score is not next question which of the following is the synonym of other your choices are stove drire iron,other,understood,
B06XN5QW6N,Vocabulary Master,"Alexa, Start Vocabulary Master",sorry i heard other it's an incorrect answer try again your choices are stove drier iron,other,understood,
B06XN5QW6N,Vocabulary Master,"Alexa, Start Vocabulary Master",o i heard other but the correct answer is stove next question which of the following is the synonym of fina your choices are last first heavy,last,understood,
B07K5D5GTK,Classic Rock Trivia,"Alexa, open classic rock trivia",it looks like you have a two player game in progress would you like to resumeoh,Yes.,does not work,one interaction then does nothing
B07K5D5GTK,Classic Rock Trivia,"Alexa, open classic rock trivia",bret players press your buttons now the register for the gamg,Ready.,stopped working ,
B07K5D5GTK,Classic Rock Trivia,"Alexa, open classic rock trivia",listening timeout,No response,,
B01HT46HTC,Trivia Movie Quotes,"Alexa, launch Trivia Movie",i will ask you five questions try to get as many right as you can just say the number of the answer let's begin question one i don't want to be a product of my environment i want my environment to be a product of ne one iron man two legends three godfather four the departed,One.,understood,
B01HT46HTC,Trivia Movie Quotes,"Alexa, launch Trivia Movie",that answer is wrong the correct answer is four the departed your score is zero question two girl you look so good some one ought to put you on a plate and sop you up with a biscuit one miami vice two coming to america three trading places four righd along,Four.,understood,
B01HT46HTC,Trivia Movie Quotes,"Alexa, launch Trivia Movie",that answer is wrong the correct answer is two coming to america your score is zero question three i don't care what you believe in just believe in it one fantastic four two serenity three constantine four superman returns,Two.,understood,
B01HT46HTC,Trivia Movie Quotes,"Alexa, launch Trivia Movie",thaanswer is correct your score is one question four they may take our lives but they'll never take our freedom one repo man two gladiator three grave hert four the patriot,Three.,understood,
B01HT46HTC,Trivia Movie Quotes,"Alexa, launch Trivia Movie",that answer is correct you got two out of five questions correct thank you for playing,Thank you.,understood,
B087Z5F54N,World Geography Quiz,"Alexa, open World Geographic Quiz",handing off to world geography cleas by voice box studio welcome to world geographic quits,Hello.,,
B087Z5F54N,World Geography Quiz,"Alexa, open World Geographic Quiz",the world geographic quis skill can't help you to that it can ask you questions about reindeer if you say start game what can i help you with,Start game.,misunderstood,
B087Z5F54N,World Geography Quiz,"Alexa, open World Geographic Quiz",listening timeout,No response,stopped working ,
B07RZ4L2KZ,Super Blackjack,"Alexa, open Super Blackjack",welcome back to super black jack you are apparently ranked bronze the next rank is silver you need nineteen seventy six more chips to rank up your balance is three thousand twenty four chips how much do you want to bet  this is a reminder villas duesi how much would you like to bet this is a reminder villas du,1976,misunderstood,
B07RZ4L2KZ,Super Blackjack,"Alexa, open Super Blackjack",b,Bet all.,stopped working ,
B07CKKS7RG,Escape the Mars,Alexa open escape the mars,welcome to escape the mars it's year twenty thirty you are in mars humans has become interplanetary species as scientists you are working inside a high tex scientific laud suddenly as something strange happened fire alarm set off now you need to reach a safe place as soon as possible it is a situation reaction game if you stuck anywhere in the game you can say where am i so let's start the game there is a door to your left and a window in front of you a desk sits below the window piled high with paperwork do you explore the desk try to climb out the window or attempt to escape through the door,explore desk,misunderstood,
B07CKKS7RG,Escape the Mars,Alexa open escape the mars,while rummaging through the paper work that's piled on the desk you find a room key the key is a perfect fit for the door you unlock it and step out into a small corridor  you turn left or right,turn right,understood,
B07CKKS7RG,Escape the Mars,Alexa open escape the mars,ouare in a small opening at the end of a door lined corridor there is staircase to your left and an elevator to your right do you take the stairs take the elevator or walk down the corridor,take stairs,understood,
B07CKKS7RG,Escape the Mars,Alexa open escape the mars,you walk over to the staircase the coast seems clear you go up or do you go down the stairs,go up,understood,
B07CKKS7RG,Escape the Mars,Alexa open escape the mars,you're on an empty roofd terrace there is no way out except for back down do you take the stairs or do you take the elevator,take elevator,understood,
B07CKKS7RG,Escape the Mars,Alexa open escape the mars,you step into the elevator glad to be out of the cold night's air you look at buttons on the panel press first floor reception basement which button do you press,first floor,understood,
B07CKKS7RG,Escape the Mars,Alexa open escape the mars,you're in a small opening at the end of a door lined corridor you can take the stairs or elevator or walk down the corridor,take stairs,understood,
B07CKKS7RG,Escape the Mars,Alexa open escape the mars,you walk over to the staircase the coast seems clear you can go up or downo,go down,understood,
B07CKKS7RG,Escape the Mars,Alexa open escape the mars,you arrive in the reception the lights are often there is no one behind the counter you walk over to the main entrance and try the door it's locked as you turn around to head back something jumps out from behind the reception desk you have failed to start again you can say alexa play escaped the mars,Alexa play escaped the mars,stopped working ,
B07F7S19FX,True Or False? (For Buttons),"Alexa, play true or false",you can say at number between one and twenty to start a game with that number of players how many people want to play o,Five.,understood,
B07F7S19FX,True Or False? (For Buttons),"Alexa, play true or false",great five it is i'll ask you three questions each and then we'll see how you got on play her one true or false the chemical opposite of a base is a metal,False.,understood,
B07F7S19FX,True Or False? (For Buttons),"Alexa, play true or false",well done an acid is the opposite of a chemical base playor two true or false there is an island inhabited entirely by pigs,True.,understood,
B07F7S19FX,True Or False? (For Buttons),"Alexa, play true or false",correct pig beach in the bahamas is home to many of the animals but no one actually knows how they got there play are three true or false the u s department of agriculture once tried to classify tomato catchup as a vegetable,True.,understood,
B07F7S19FX,True Or False? (For Buttons),"Alexa, play true or false",you got it during the nineteen eighties the government wanted to let schools suffering from budget cuts plain conbinents including tomato catchup were vegetables player for true or false the playing pard the queen of diamonds is known as helen of troy,False.,understood,
B07F7S19FX,True Or False? (For Buttons),"Alexa, play true or false",i'm impressed it's the queen of hearts clayer five true or false the amazon mobile has a hidden message,True.,understood,
B07F7S19FX,True Or False? (For Buttons),"Alexa, play true or false",you're right the arrow in the logo points from a to z meaning you can get anything and everything you want on the web sit player one true or false the truman doctrine was a u s plan toccounter the expansion of the soviet union,True.,understood,
B07F7S19FX,True Or False? (For Buttons),"Alexa, play true or false",good work it was announced in nineteen forty seven to counter soviet expansion during the cold war player two true or false the first t b remote was called the lazy bones,True.,understood,
B07F7S19FX,True Or False? (For Buttons),"Alexa, play true or false",right it appeared in nineteen fifty and was connected with a wire player three true or false if you add up all the numbers on a clock face you get sixty four,False.,understood,
B07F7S19FX,True Or False? (For Buttons),"Alexa, play true or false",nice work you get seventy eight player four true or false the capital of vietnontis annoy,True.,understood,
B07F7S19FX,True Or False? (For Buttons),"Alexa, play true or false",listening timeout,No response,stopped working ,
B07W8J1GD3,Finish The Phrase,"Alexa, play finish the phrase",lo bad earlier you answered three questions would you like to answer the remaining two questions for to day,Sure.,,
B07W8J1GD3,Finish The Phrase,"Alexa, play finish the phrase",here is your question for twenty points to give the third,Okay.,,
B07W8J1GD3,Finish The Phrase,"Alexa, play finish the phrase",i'll repeat the question to give the third,Go ahead.,,
B07W8J1GD3,Finish The Phrase,"Alexa, play finish the phrase",i'll repeat the question to give the third,Okay.,,
B07W8J1GD3,Finish The Phrase,"Alexa, play finish the phrase",i'll repeat the question to give the third,Okay.,,
B07W8J1GD3,Finish The Phrase,"Alexa, play finish the phrase",i'll repeat the question to give the third,Okay.,,
B07W8J1GD3,Finish The Phrase,"Alexa, play finish the phrase",listening timeout,No response,,
B072M8HJ3N,Ghost Game,"Alexa, play Ghost Game",welcome to the ghost game ghost is a word game that stynes thinkers of all ages if you know how to play say play a game and if not say instructions,play a game,understood,
B072M8HJ3N,Ghost Game,"Alexa, play Ghost Game",turn to go first remember you can say challenge if you don't think my letters start a word or if you think i completed a word let's start with the letter p your turn say my letter is followed by a letter to continue the word,my letter is h,understood,
B072M8HJ3N,Ghost Game,"Alexa, play Ghost Game",my letter is a making the word so far p h  your turn what's the next lettero,my letter is t,understood,
B072M8HJ3N,Ghost Game,"Alexa, play Ghost Game",the last letter you said was t correct,Yes,understood,
B072M8HJ3N,Ghost Game,"Alexa, play Ghost Game",i'm challenging you to spell out a word that starts with p h a t what's the next letter o,n,misunderstood,
B072M8HJ3N,Ghost Game,"Alexa, play Ghost Game",that's for playing the ghost bil good bye,Goodbye,misunderstood,
